del_start,del_end,del_length,FWD_spacer,RVS_spacer,FWD_PBS,FWD_PBS_length,RVS_PBS,RVS_PBS_length,FWD_RTT,FWD_RTT_length,RVS_RTT,RVS_RTT_length,PAIR_product_DeepPE,PAIR_sum_CFDscore,FWD_DeepPE,RVS_DeepPE,FWD_DeepSpCas9,RVS_DeepSpCas9,FWD_CFDscore,RVS_CFDscore,FWD_MITscore,RVS_MITscore,FWD_mismatch_hit,RVS_mismatch_hit,FWD_poly_T_4,RVS_poly_T_4,FWD_SpacerGC_25_75,RVS_SpacerGC_25_75,FWD_PBS_GC_30_60,RVS_PBS_GC_30_60,FWD_PBS_RTT_GCrich,RVS_PBS_RTT_GCrich,hic_contact_value
46126,70610,24485,AATACCACCTTCTTAGAGAGAGG,CCAACAGCTCCCTTTACAACTGG,TCTAAGAAGGT,11,GCTCCCTTTAC,11,ATAACTTCGTATAATGTATGCTATACGAAGTTATGGGAT,39,ATCCCATAACTTCGTATAGCATACATTATACGAAGTTAT,39,71.37538743054574,1.7164390232051234,4.59877347946167,15.520526885986328,58.95682907104492,66.78926849365234,0.8490878938048728,0.8673511294002505,99.7230061704828,99.22988900546896,"1,0,0,0,1","1,0,0,0,4",OK,OK,OK,OK,OK,OK,FLAG,FLAG,NA
45039,70610,25572,ATAAAATGTGAGATTACAAAGGG,CCAACAGCTCCCTTTACAACTGG,GTAATCTCACA,11,GCTCCCTTTAC,11,ATAACTTCGTATAATGTATGCTATACGAAGTTATGGGAT,39,ATCCCATAACTTCGTATAGCATACATTATACGAAGTTAT,39,54.54221294823674,1.689734455171421,3.5141985416412354,15.520526885986328,75.28160095214844,66.78926849365234,0.8223833257711706,0.8673511294002505,98.7584950397269,99.22988900546896,"1,0,0,0,1","1,0,0,0,4",FLAG,OK,OK,OK,OK,OK,FLAG,FLAG,NA
45168,70306,25139,TGTAATTTCAAAGTGTTGATGGG,TCTGTACTAGTAATAAAGGATGG,AACACTTTGAA,11,CTAGTAATAAA,11,ATAACTTCGTATAATGTATGCTATACGAAGTTATGGGAT,39,ATCCCATAACTTCGTATAGCATACATTATACGAAGTTAT,39,46.84233520876546,1.9384858044978182,-7.695257663726807,-6.087169170379639,60.216068267822266,46.67532730102539,0.9384858044978182,1.0,99.69618957050992,100.0,"1,0,0,0,1","1,0,0,0,0",OK,FLAG,OK,OK,FLAG,FLAG,FLAG,FLAG,NA
45126,70306,25181,ATGCCGTAAATAGCAAGATCAGG,TCTGTACTAGTAATAAAGGATGG,CTTGCTATTTA,11,CTAGTAATAAA,11,ATAACTTCGTATAATGTATGCTATACGAAGTTATGGGAT,39,ATCCCATAACTTCGTATAGCATACATTATACGAAGTTAT,39,38.78156843821921,1.85365853667906,-6.371035099029541,-6.087169170379639,35.48299026489258,46.67532730102539,0.8536585366790602,1.0,98.47904584746688,100.0,"1,0,0,1,0","1,0,0,0,0",OK,FLAG,OK,OK,FLAG,FLAG,FLAG,FLAG,NA
45168,70303,25136,TGTAATTTCAAAGTGTTGATGGG,GTACTAGTAATAAAGGATGGAGG,AACACTTTGAA,11,GTAATAAAGGA,11,ATAACTTCGTATAATGTATGCTATACGAAGTTATGGGAT,39,ATCCCATAACTTCGTATAGCATACATTATACGAAGTTAT,39,36.71803287531361,1.7687956008307004,-7.695257663726807,-4.771514415740967,60.216068267822266,54.448829650878906,0.9384858044978182,0.8303097963328823,99.69618957050992,99.47763395042564,"1,0,0,0,1","1,0,0,0,2",OK,OK,OK,OK,FLAG,FLAG,FLAG,FLAG,NA
46002,70610,24609,ATATTGAACTATCCAGCACCTGG,CCAACAGCTCCCTTTACAACTGG,GCTGGATAGTT,11,GCTCCCTTTAC,11,ATAACTTCGTATAATGTATGCTATACGAAGTTATGGGAT,39,ATCCCATAACTTCGTATAGCATACATTATACGAAGTTAT,39,35.04274674146927,1.740078402071986,2.2578322887420654,15.520526885986328,33.24793243408203,66.78926849365234,0.8727272726717356,0.8673511294002505,99.85861771207183,99.22988900546896,"1,0,0,0,2","1,0,0,0,4",OK,OK,OK,OK,OK,OK,FLAG,FLAG,27.32723
45195,70306,25112,GATATTTCAAGAATTATAACTGG,TCTGTACTAGTAATAAAGGATGG,ATAATTCTTGA,11,CTAGTAATAAA,11,ATAACTTCGTATAATGTATGCTATACGAAGTTATGGGAT,39,ATCCCATAACTTCGTATAGCATACATTATACGAAGTTAT,39,34.12762778168758,1.8774185739522165,-5.606485843658447,-6.087169170379639,38.00566864013672,46.67532730102539,0.8774185739522165,1.0,99.57297250358144,100.0,"1,0,0,0,4","1,0,0,0,0",OK,FLAG,OK,OK,FLAG,FLAG,FLAG,FLAG,27.32723
45168,70947,25780,TGTAATTTCAAAGTGTTGATGGG,TGTTAATAGCTGGAGAACCAAGG,AACACTTTGAA,11,TAGCTGGAGAA,11,ATAACTTCGTATAATGTATGCTATACGAAGTTATGGGAT,39,ATCCCATAACTTCGTATAGCATACATTATACGAAGTTAT,39,32.748925390393424,1.7896780468935438,-7.695257663726807,-4.255728244781494,60.216068267822266,9.585793495178223,0.9384858044978182,0.8511922423957257,99.69618957050992,98.8435323276827,"1,0,0,0,1","1,0,0,0,4",OK,OK,OK,OK,FLAG,OK,FLAG,FLAG,27.32723
45126,70303,25178,ATGCCGTAAATAGCAAGATCAGG,GTACTAGTAATAAAGGATGGAGG,CTTGCTATTTA,11,GTAATAAAGGA,11,ATAACTTCGTATAATGTATGCTATACGAAGTTATGGGAT,39,ATCCCATAACTTCGTATAGCATACATTATACGAAGTTAT,39,30.399485818211133,1.6839683330119426,-6.371035099029541,-4.771514415740967,35.48299026489258,54.448829650878906,0.8536585366790602,0.8303097963328823,98.47904584746688,99.47763395042564,"1,0,0,1,0","1,0,0,0,2",OK,OK,OK,OK,FLAG,FLAG,FLAG,FLAG,NA
45126,70947,25822,ATGCCGTAAATAGCAAGATCAGG,TGTTAATAGCTGGAGAACCAAGG,CTTGCTATTTA,11,TAGCTGGAGAA,11,ATAACTTCGTATAATGTATGCTATACGAAGTTATGGGAT,39,ATCCCATAACTTCGTATAGCATACATTATACGAAGTTAT,39,27.11339401943428,1.704850779074786,-6.371035099029541,-4.255728244781494,35.48299026489258,9.585793495178223,0.8536585366790602,0.8511922423957257,98.47904584746688,98.8435323276827,"1,0,0,1,0","1,0,0,0,4",OK,OK,OK,OK,FLAG,OK,FLAG,FLAG,NA
45195,70303,25109,GATATTTCAAGAATTATAACTGG,GTACTAGTAATAAAGGATGGAGG,ATAATTCTTGA,11,GTAATAAAGGA,11,ATAACTTCGTATAATGTATGCTATACGAAGTTATGGGAT,39,ATCCCATAACTTCGTATAGCATACATTATACGAAGTTAT,39,26.751428024663937,1.7077283702850987,-5.606485843658447,-4.771514415740967,38.00566864013672,54.448829650878906,0.8774185739522165,0.8303097963328823,99.57297250358144,99.47763395042564,"1,0,0,0,4","1,0,0,0,2",OK,OK,OK,OK,FLAG,FLAG,FLAG,FLAG,NA
46561,70306,23746,CTCCTAAGAATTCTGTTTTTTGG,TCTGTACTAGTAATAAAGGATGG,AACAGAATTCT,11,CTAGTAATAAA,11,ATAACTTCGTATAATGTATGCTATACGAAGTTATGGGAT,39,ATCCCATAACTTCGTATAGCATACATTATACGAAGTTAT,39,26.604373950426407,1.801110662152428,-4.370565891265869,-6.087169170379639,38.341400146484375,46.67532730102539,0.8011106621524279,1.0,99.410615515565,100.0,"1,0,0,0,4","1,0,0,0,0",FLAG,FLAG,OK,OK,FLAG,FLAG,FLAG,FLAG,NA
45168,70098,24931,TGTAATTTCAAAGTGTTGATGGG,CTAGATACAGGTAGTATGTCAGG,AACACTTTGAA,11,ACAGGTAGTAT,11,ATAACTTCGTATAATGTATGCTATACGAAGTTATGGGAT,39,ATCCCATAACTTCGTATAGCATACATTATACGAAGTTAT,39,26.44991634355165,1.9384858044978182,-7.695257663726807,-3.43717098236084,60.216068267822266,30.30790901184082,0.9384858044978182,1.0,99.69618957050992,100.0,"1,0,0,0,1","1,0,0,0,0",OK,OK,OK,OK,FLAG,OK,FLAG,FLAG,27.32723
45168,70393,25226,TGTAATTTCAAAGTGTTGATGGG,TAACTAAACTGAACAAATGTAGG,AACACTTTGAA,11,AACTGAACAAA,11,ATAACTTCGTATAATGTATGCTATACGAAGTTATGGGAT,39,ATCCCATAACTTCGTATAGCATACATTATACGAAGTTAT,39,24.31788268737023,1.9384858044978182,-7.695257663726807,-3.1601128578186035,60.216068267822266,46.176971435546875,0.9384858044978182,1.0,99.69618957050992,100.0,"1,0,0,0,1","1,0,0,0,0",OK,FLAG,OK,OK,FLAG,FLAG,FLAG,FLAG,NA
45195,70947,25753,GATATTTCAAGAATTATAACTGG,TGTTAATAGCTGGAGAACCAAGG,ATAATTCTTGA,11,TAGCTGGAGAA,11,ATAACTTCGTATAATGTATGCTATACGAAGTTATGGGAT,39,ATCCCATAACTTCGTATAGCATACATTATACGAAGTTAT,39,23.859680158824858,1.7286108163479421,-5.606485843658447,-4.255728244781494,38.00566864013672,9.585793495178223,0.8774185739522165,0.8511922423957257,99.57297250358144,98.8435323276827,"1,0,0,0,4","1,0,0,0,4",OK,OK,OK,OK,FLAG,OK,FLAG,FLAG,27.32723
45168,70957,25790,TGTAATTTCAAAGTGTTGATGGG,TATGACAAGGTGTTAATAGCTGG,AACACTTTGAA,11,AAGGTGTTAAT,11,ATAACTTCGTATAATGTATGCTATACGAAGTTATGGGAT,39,ATCCCATAACTTCGTATAGCATACATTATACGAAGTTAT,39,23.340692491728987,1.7652574580974834,-7.695257663726807,-3.0331268310546875,60.216068267822266,30.275737762451172,0.9384858044978182,0.8267716535996652,99.69618957050992,99.8589896642823,"1,0,0,0,1","1,0,0,0,1",OK,OK,OK,OK,FLAG,FLAG,FLAG,FLAG,27.32723
45126,70098,24973,ATGCCGTAAATAGCAAGATCAGG,CTAGATACAGGTAGTATGTCAGG,CTTGCTATTTA,11,ACAGGTAGTAT,11,ATAACTTCGTATAATGTATGCTATACGAAGTTATGGGAT,39,ATCCCATAACTTCGTATAGCATACATTATACGAAGTTAT,39,21.898336969986758,1.85365853667906,-6.371035099029541,-3.43717098236084,35.48299026489258,30.30790901184082,0.8536585366790602,1.0,98.47904584746688,100.0,"1,0,0,1,0","1,0,0,0,0",OK,OK,OK,OK,FLAG,OK,FLAG,FLAG,NA
46239,70306,24068,TTTTCAATACCATCATTACCTGG,TCTGTACTAGTAATAAAGGATGG,AATGATGGTAT,11,CTAGTAATAAA,11,ATAACTTCGTATAATGTATGCTATACGAAGTTATGGGAT,39,ATCCCATAACTTCGTATAGCATACATTATACGAAGTTAT,39,21.09534234725993,1.8011009902710104,-3.4655423164367676,-6.087169170379639,6.3253631591796875,46.67532730102539,0.8011009902710106,1.0,99.18769985027656,100.0,"1,0,0,0,3","1,0,0,0,0",FLAG,FLAG,OK,OK,FLAG,FLAG,FLAG,FLAG,NA
46561,70303,23743,CTCCTAAGAATTCTGTTTTTTGG,GTACTAGTAATAAAGGATGGAGG,AACAGAATTCT,11,GTAATAAAGGA,11,ATAACTTCGTATAATGTATGCTATACGAAGTTATGGGAT,39,ATCCCATAACTTCGTATAGCATACATTATACGAAGTTAT,39,20.85421815512086,1.63142045848531,-4.370565891265869,-4.771514415740967,38.341400146484375,54.448829650878906,0.8011106621524279,0.8303097963328823,99.410615515565,99.47763395042564,"1,0,0,0,4","1,0,0,0,2",FLAG,OK,OK,OK,FLAG,FLAG,FLAG,FLAG,NA
46126,70644,24519,AATACCACCTTCTTAGAGAGAGG,CTGCAAGACCAAGCCACACCAGG,TCTAAGAAGGT,11,GACCAAGCCAC,11,ATAACTTCGTATAATGTATGCTATACGAAGTTATGGGAT,39,ATCCCATAACTTCGTATAGCATACATTATACGAAGTTAT,39,20.25256112851048,1.8490878938048727,4.59877347946167,4.403904914855957,58.95682907104492,23.19315528869629,0.8490878938048728,1.0,99.7230061704828,99.92960154406788,"1,0,0,0,1","1,0,0,0,1",OK,OK,OK,OK,OK,FLAG,FLAG,FLAG,NA
45126,70393,25268,ATGCCGTAAATAGCAAGATCAGG,TAACTAAACTGAACAAATGTAGG,CTTGCTATTTA,11,AACTGAACAAA,11,ATAACTTCGTATAATGTATGCTATACGAAGTTATGGGAT,39,ATCCCATAACTTCGTATAGCATACATTATACGAAGTTAT,39,20.133189934056873,1.85365853667906,-6.371035099029541,-3.1601128578186035,35.48299026489258,46.176971435546875,0.8536585366790602,1.0,98.47904584746688,100.0,"1,0,0,1,0","1,0,0,0,0",OK,FLAG,OK,OK,FLAG,FLAG,FLAG,FLAG,NA
45126,70957,25832,ATGCCGTAAATAGCAAGATCAGG,TATGACAAGGTGTTAATAGCTGG,CTTGCTATTTA,11,AAGGTGTTAAT,11,ATAACTTCGTATAATGTATGCTATACGAAGTTATGGGAT,39,ATCCCATAACTTCGTATAGCATACATTATACGAAGTTAT,39,19.32415750045766,1.6804301902787255,-6.371035099029541,-3.0331268310546875,35.48299026489258,30.275737762451172,0.8536585366790602,0.8267716535996652,98.47904584746688,99.8589896642823,"1,0,0,1,0","1,0,0,0,1",OK,OK,OK,OK,FLAG,FLAG,FLAG,FLAG,41.86354
45195,70098,24904,GATATTTCAAGAATTATAACTGG,CTAGATACAGGTAGTATGTCAGG,ATAATTCTTGA,11,ACAGGTAGTAT,11,ATAACTTCGTATAATGTATGCTATACGAAGTTATGGGAT,39,ATCCCATAACTTCGTATAGCATACATTATACGAAGTTAT,39,19.270450454839647,1.8774185739522165,-5.606485843658447,-3.43717098236084,38.00566864013672,30.30790901184082,0.8774185739522165,1.0,99.57297250358144,100.0,"1,0,0,0,4","1,0,0,0,0",OK,OK,OK,OK,FLAG,OK,FLAG,FLAG,41.86354
46561,70947,24387,CTCCTAAGAATTCTGTTTTTTGG,TGTTAATAGCTGGAGAACCAAGG,AACAGAATTCT,11,TAGCTGGAGAA,11,ATAACTTCGTATAATGTATGCTATACGAAGTTATGGGAT,39,ATCCCATAACTTCGTATAGCATACATTATACGAAGTTAT,39,18.599940709138764,1.6523029045481534,-4.370565891265869,-4.255728244781494,38.341400146484375,9.585793495178223,0.8011106621524279,0.8511922423957257,99.410615515565,98.8435323276827,"1,0,0,0,4","1,0,0,0,4",FLAG,OK,OK,OK,FLAG,OK,FLAG,FLAG,41.86354
45168,70902,25735,TGTAATTTCAAAGTGTTGATGGG,TCTACTCTCAATTTTTCTATGGG,AACACTTTGAA,11,CTCAATTTTTC,11,ATAACTTCGTATAATGTATGCTATACGAAGTTATGGGAT,39,ATCCCATAACTTCGTATAGCATACATTATACGAAGTTAT,39,18.444417699399196,1.7675184294675832,-7.695257663726807,-2.396855115890503,60.216068267822266,28.5574951171875,0.9384858044978182,0.8290326249697649,99.69618957050992,99.50660634253406,"1,0,0,0,1","1,0,0,0,2",OK,FLAG,OK,OK,FLAG,FLAG,FLAG,FLAG,NA
45168,70834,25667,TGTAATTTCAAAGTGTTGATGGG,CTGCTAGAAGTAACATTCTCAGG,AACACTTTGAA,11,GAAGTAACATT,11,ATAACTTCGTATAATGTATGCTATACGAAGTTATGGGAT,39,ATCCCATAACTTCGTATAGCATACATTATACGAAGTTAT,39,18.058521343249367,1.889122133041516,-7.695257663726807,-2.346707820892334,60.216068267822266,43.4019889831543,0.9384858044978182,0.950636328543698,99.69618957050992,99.98370117583562,"1,0,0,0,1","1,0,0,0,1",OK,OK,OK,OK,FLAG,FLAG,FLAG,FLAG,NA
45168,70154,24987,TGTAATTTCAAAGTGTTGATGGG,TATCTTTACATGACAGCAGAGGG,AACACTTTGAA,11,TACATGACAGC,11,ATAACTTCGTATAATGTATGCTATACGAAGTTATGGGAT,39,ATCCCATAACTTCGTATAGCATACATTATACGAAGTTAT,39,18.02028635367492,1.795096605163151,-7.695257663726807,-2.3417391777038574,60.216068267822266,58.58969497680664,0.9384858044978182,0.8566108006653328,99.69618957050992,99.83913352095225,"1,0,0,0,1","1,0,0,0,1",OK,OK,OK,OK,FLAG,OK,FLAG,FLAG,NA
45195,70393,25199,GATATTTCAAGAATTATAACTGG,TAACTAAACTGAACAAATGTAGG,ATAATTCTTGA,11,AACTGAACAAA,11,ATAACTTCGTATAATGTATGCTATACGAAGTTATGGGAT,39,ATCCCATAACTTCGTATAGCATACATTATACGAAGTTAT,39,17.71712800172304,1.8774185739522165,-5.606485843658447,-3.1601128578186035,38.00566864013672,46.176971435546875,0.8774185739522165,1.0,99.57297250358144,100.0,"1,0,0,0,4","1,0,0,0,0",OK,FLAG,OK,OK,FLAG,FLAG,FLAG,FLAG,NA
45195,70957,25763,GATATTTCAAGAATTATAACTGG,TATGACAAGGTGTTAATAGCTGG,ATAATTCTTGA,11,AAGGTGTTAAT,11,ATAACTTCGTATAATGTATGCTATACGAAGTTATGGGAT,39,ATCCCATAACTTCGTATAGCATACATTATACGAAGTTAT,39,17.005182640328712,1.7041902275518817,-5.606485843658447,-3.0331268310546875,38.00566864013672,30.275737762451172,0.8774185739522165,0.8267716535996652,99.57297250358144,99.8589896642823,"1,0,0,0,4","1,0,0,0,1",OK,OK,OK,OK,FLAG,FLAG,FLAG,FLAG,41.86354
46239,70303,24065,TTTTCAATACCATCATTACCTGG,GTACTAGTAATAAAGGATGGAGG,AATGATGGTAT,11,GTAATAAAGGA,11,ATAACTTCGTATAATGTATGCTATACGAAGTTATGGGAT,39,ATCCCATAACTTCGTATAGCATACATTATACGAAGTTAT,39,16.53588512123838,1.631410786603893,-3.4655423164367676,-4.771514415740967,6.3253631591796875,54.448829650878906,0.8011009902710106,0.8303097963328823,99.18769985027656,99.47763395042564,"1,0,0,0,3","1,0,0,0,2",FLAG,OK,OK,OK,FLAG,FLAG,FLAG,FLAG,NA
45039,70644,25606,ATAAAATGTGAGATTACAAAGGG,CTGCAAGACCAAGCCACACCAGG,GTAATCTCACA,11,GACCAAGCCAC,11,ATAACTTCGTATAATGTATGCTATACGAAGTTATGGGAT,39,ATCCCATAACTTCGTATAGCATACATTATACGAAGTTAT,39,15.476196229313473,1.8223833257711706,3.5141985416412354,4.403904914855957,75.28160095214844,23.19315528869629,0.8223833257711706,1.0,98.7584950397269,99.92960154406788,"1,0,0,0,1","1,0,0,0,1",FLAG,OK,OK,OK,OK,FLAG,FLAG,FLAG,41.86354
45960,70306,24347,ATCACCTTTTGTTCTTCCCCTGG,TCTGTACTAGTAATAAAGGATGG,GAAGAACAAAA,11,CTAGTAATAAA,11,ATAACTTCGTATAATGTATGCTATACGAAGTTATGGGAT,39,ATCCCATAACTTCGTATAGCATACATTATACGAAGTTAT,39,15.467931576801448,1.8559479651927866,-2.5410714149475098,-6.087169170379639,37.23070526123047,46.67532730102539,0.8559479651927867,1.0,99.65353360017131,100.0,"1,0,0,0,2","1,0,0,0,0",FLAG,FLAG,OK,OK,FLAG,FLAG,FLAG,FLAG,41.86354
45126,70902,25777,ATGCCGTAAATAGCAAGATCAGG,TCTACTCTCAATTTTTCTATGGG,CTTGCTATTTA,11,CTCAATTTTTC,11,ATAACTTCGTATAATGTATGCTATACGAAGTTATGGGAT,39,ATCCCATAACTTCGTATAGCATACATTATACGAAGTTAT,39,15.270448070626912,1.6826911616488252,-6.371035099029541,-2.396855115890503,35.48299026489258,28.5574951171875,0.8536585366790602,0.8290326249697649,98.47904584746688,99.50660634253406,"1,0,0,1,0","1,0,0,0,2",OK,FLAG,OK,OK,FLAG,FLAG,FLAG,FLAG,NA
46561,70098,23538,CTCCTAAGAATTCTGTTTTTTGG,CTAGATACAGGTAGTATGTCAGG,AACAGAATTCT,11,ACAGGTAGTAT,11,ATAACTTCGTATAATGTATGCTATACGAAGTTATGGGAT,39,ATCCCATAACTTCGTATAGCATACATTATACGAAGTTAT,39,15.022382257955087,1.801110662152428,-4.370565891265869,-3.43717098236084,38.341400146484375,30.30790901184082,0.8011106621524279,1.0,99.410615515565,100.0,"1,0,0,0,4","1,0,0,0,0",FLAG,OK,OK,OK,FLAG,OK,FLAG,FLAG,NA
45126,70834,25709,ATGCCGTAAATAGCAAGATCAGG,CTGCTAGAAGTAACATTCTCAGG,CTTGCTATTTA,11,GAAGTAACATT,11,ATAACTTCGTATAATGTATGCTATACGAAGTTATGGGAT,39,ATCCCATAACTTCGTATAGCATACATTATACGAAGTTAT,39,14.95095789407219,1.8042948652227582,-6.371035099029541,-2.346707820892334,35.48299026489258,43.4019889831543,0.8536585366790602,0.950636328543698,98.47904584746688,99.98370117583562,"1,0,0,1,0","1,0,0,0,1",OK,OK,OK,OK,FLAG,FLAG,FLAG,FLAG,NA
45126,70154,25029,ATGCCGTAAATAGCAAGATCAGG,TATCTTTACATGACAGCAGAGGG,CTTGCTATTTA,11,TACATGACAGC,11,ATAACTTCGTATAATGTATGCTATACGAAGTTATGGGAT,39,ATCCCATAACTTCGTATAGCATACATTATACGAAGTTAT,39,14.919302493923851,1.7102693373443931,-6.371035099029541,-2.3417391777038574,35.48299026489258,58.58969497680664,0.8536585366790602,0.8566108006653328,98.47904584746688,99.83913352095225,"1,0,0,1,0","1,0,0,0,1",OK,OK,OK,OK,FLAG,OK,FLAG,FLAG,NA
46239,70947,24709,TTTTCAATACCATCATTACCTGG,TGTTAATAGCTGGAGAACCAAGG,AATGATGGTAT,11,TAGCTGGAGAA,11,ATAACTTCGTATAATGTATGCTATACGAAGTTATGGGAT,39,ATCCCATAACTTCGTATAGCATACATTATACGAAGTTAT,39,14.748406319545438,1.6522932326667363,-3.4655423164367676,-4.255728244781494,6.3253631591796875,9.585793495178223,0.8011009902710106,0.8511922423957257,99.18769985027656,98.8435323276827,"1,0,0,0,3","1,0,0,0,4",FLAG,OK,OK,OK,FLAG,OK,FLAG,FLAG,NA
46561,70393,23833,CTCCTAAGAATTCTGTTTTTTGG,TAACTAAACTGAACAAATGTAGG,AACAGAATTCT,11,AACTGAACAAA,11,ATAACTTCGTATAATGTATGCTATACGAAGTTATGGGAT,39,ATCCCATAACTTCGTATAGCATACATTATACGAAGTTAT,39,13.811481468932698,1.801110662152428,-4.370565891265869,-3.1601128578186035,38.341400146484375,46.176971435546875,0.8011106621524279,1.0,99.410615515565,100.0,"1,0,0,0,4","1,0,0,0,0",FLAG,FLAG,OK,OK,FLAG,FLAG,FLAG,FLAG,27.32723
45195,70902,25708,GATATTTCAAGAATTATAACTGG,TCTACTCTCAATTTTTCTATGGG,ATAATTCTTGA,11,CTCAATTTTTC,11,ATAACTTCGTATAATGTATGCTATACGAAGTTATGGGAT,39,ATCCCATAACTTCGTATAGCATACATTATACGAAGTTAT,39,13.437934276540432,1.7064511989219815,-5.606485843658447,-2.396855115890503,38.00566864013672,28.5574951171875,0.8774185739522165,0.8290326249697649,99.57297250358144,99.50660634253406,"1,0,0,0,4","1,0,0,0,2",OK,FLAG,OK,OK,FLAG,FLAG,FLAG,FLAG,27.32723
46561,70957,24397,CTCCTAAGAATTCTGTTTTTTGG,TATGACAAGGTGTTAATAGCTGG,AACAGAATTCT,11,AAGGTGTTAAT,11,ATAACTTCGTATAATGTATGCTATACGAAGTTATGGGAT,39,ATCCCATAACTTCGTATAGCATACATTATACGAAGTTAT,39,13.256480671690952,1.627882315752093,-4.370565891265869,-3.0331268310546875,38.341400146484375,30.275737762451172,0.8011106621524279,0.8267716535996652,99.410615515565,99.8589896642823,"1,0,0,0,4","1,0,0,0,1",FLAG,OK,OK,OK,FLAG,FLAG,FLAG,FLAG,27.32723
45195,70834,25640,GATATTTCAAGAATTATAACTGG,CTGCTAGAAGTAACATTCTCAGG,ATAATTCTTGA,11,GAAGTAACATT,11,ATAACTTCGTATAATGTATGCTATACGAAGTTATGGGAT,39,ATCCCATAACTTCGTATAGCATACATTATACGAAGTTAT,39,13.156784177035433,1.8280549024959143,-5.606485843658447,-2.346707820892334,38.00566864013672,43.4019889831543,0.8774185739522165,0.950636328543698,99.57297250358144,99.98370117583562,"1,0,0,0,4","1,0,0,0,1",OK,OK,OK,OK,FLAG,FLAG,FLAG,FLAG,NA
45195,70154,24960,GATATTTCAAGAATTATAACTGG,TATCTTTACATGACAGCAGAGGG,ATAATTCTTGA,11,TACATGACAGC,11,ATAACTTCGTATAATGTATGCTATACGAAGTTATGGGAT,39,ATCCCATAACTTCGTATAGCATACATTATACGAAGTTAT,39,13.12892754933705,1.7340293746175492,-5.606485843658447,-2.3417391777038574,38.00566864013672,58.58969497680664,0.8774185739522165,0.8566108006653328,99.57297250358144,99.83913352095225,"1,0,0,0,4","1,0,0,0,1",OK,OK,OK,OK,FLAG,OK,FLAG,FLAG,NA
45168,70310,25143,TGTAATTTCAAAGTGTTGATGGG,CTTATCTGTACTAGTAATAAAGG,AACACTTTGAA,11,TGTACTAGTAA,11,ATAACTTCGTATAATGTATGCTATACGAAGTTATGGGAT,39,ATCCCATAACTTCGTATAGCATACATTATACGAAGTTAT,39,12.895463929325501,1.9384858044978182,-7.695257663726807,-1.6757676601409912,60.216068267822266,70.04681396484375,0.9384858044978182,1.0,99.69618957050992,99.93427764054942,"1,0,0,0,1","1,0,0,0,1",OK,OK,OK,OK,FLAG,FLAG,FLAG,FLAG,NA
45960,70303,24344,ATCACCTTTTGTTCTTCCCCTGG,GTACTAGTAATAAAGGATGGAGG,GAAGAACAAAA,11,GTAATAAAGGA,11,ATAACTTCGTATAATGTATGCTATACGAAGTTATGGGAT,39,ATCCCATAACTTCGTATAGCATACATTATACGAAGTTAT,39,12.124758887849339,1.686257761525669,-2.5410714149475098,-4.771514415740967,37.23070526123047,54.448829650878906,0.8559479651927867,0.8303097963328823,99.65353360017131,99.47763395042564,"1,0,0,0,2","1,0,0,0,2",FLAG,OK,OK,OK,FLAG,FLAG,FLAG,FLAG,NA
46239,70098,23860,TTTTCAATACCATCATTACCTGG,CTAGATACAGGTAGTATGTCAGG,AATGATGGTAT,11,ACAGGTAGTAT,11,ATAACTTCGTATAATGTATGCTATACGAAGTTATGGGAT,39,ATCCCATAACTTCGTATAGCATACATTATACGAAGTTAT,39,11.911661488200025,1.8011009902710104,-3.4655423164367676,-3.43717098236084,6.3253631591796875,30.30790901184082,0.8011009902710106,1.0,99.18769985027656,100.0,"1,0,0,0,3","1,0,0,0,0",FLAG,OK,OK,OK,FLAG,OK,FLAG,FLAG,27.32723
46239,70393,24155,TTTTCAATACCATCATTACCTGG,TAACTAAACTGAACAAATGTAGG,AATGATGGTAT,11,AACTGAACAAA,11,ATAACTTCGTATAATGTATGCTATACGAAGTTATGGGAT,39,ATCCCATAACTTCGTATAGCATACATTATACGAAGTTAT,39,10.951504833486297,1.8011009902710104,-3.4655423164367676,-3.1601128578186035,6.3253631591796875,46.176971435546875,0.8011009902710106,1.0,99.18769985027656,100.0,"1,0,0,0,3","1,0,0,0,0",FLAG,FLAG,OK,OK,FLAG,FLAG,FLAG,FLAG,NA
45168,70110,24943,TGTAATTTCAAAGTGTTGATGGG,AATCCTGAGATACTAGATACAGG,AACACTTTGAA,11,GAGATACTAGA,11,ATAACTTCGTATAATGTATGCTATACGAAGTTATGGGAT,39,ATCCCATAACTTCGTATAGCATACATTATACGAAGTTAT,39,10.89959013476971,1.9205931603425463,-7.695257663726807,-1.4164035320281982,60.216068267822266,53.69640350341797,0.9384858044978182,0.9821073558447282,99.69618957050992,99.79749578566764,"1,0,0,0,1","1,0,0,0,1",OK,OK,OK,OK,FLAG,OK,FLAG,FLAG,27.32723
45960,70947,24988,ATCACCTTTTGTTCTTCCCCTGG,TGTTAATAGCTGGAGAACCAAGG,GAAGAACAAAA,11,TAGCTGGAGAA,11,ATAACTTCGTATAATGTATGCTATACGAAGTTATGGGAT,39,ATCCCATAACTTCGTATAGCATACATTATACGAAGTTAT,39,10.814109392598994,1.7071402075885125,-2.5410714149475098,-4.255728244781494,37.23070526123047,9.585793495178223,0.8559479651927867,0.8511922423957257,99.65353360017131,98.8435323276827,"1,0,0,0,2","1,0,0,0,4",FLAG,OK,OK,OK,FLAG,OK,FLAG,FLAG,27.32723
45126,70310,25185,ATGCCGTAAATAGCAAGATCAGG,CTTATCTGTACTAGTAATAAAGG,CTTGCTATTTA,11,TGTACTAGTAA,11,ATAACTTCGTATAATGTATGCTATACGAAGTTATGGGAT,39,ATCCCATAACTTCGTATAGCATACATTATACGAAGTTAT,39,10.676374580576862,1.85365853667906,-6.371035099029541,-1.6757676601409912,35.48299026489258,70.04681396484375,0.8536585366790602,1.0,98.47904584746688,99.93427764054942,"1,0,0,1,0","1,0,0,0,1",OK,OK,OK,OK,FLAG,FLAG,FLAG,FLAG,NA
46958,70947,23990,AAAAACGGAAGTCTTCACATAGG,TGTTAATAGCTGGAGAACCAAGG,TGAAGACTTCC,11,TAGCTGGAGAA,11,ATAACTTCGTATAATGTATGCTATACGAAGTTATGGGAT,39,ATCCCATAACTTCGTATAGCATACATTATACGAAGTTAT,39,10.553995082135998,1.8511922423957257,-2.479950428009033,-4.255728244781494,15.786717414855957,9.585793495178223,1.0,0.8511922423957257,100.0,98.8435323276827,"1,0,0,0,0","1,0,0,0,4",FLAG,OK,OK,OK,OK,OK,FLAG,FLAG,NA
46239,70957,24719,TTTTCAATACCATCATTACCTGG,TATGACAAGGTGTTAATAGCTGG,AATGATGGTAT,11,AAGGTGTTAAT,11,ATAACTTCGTATAATGTATGCTATACGAAGTTATGGGAT,39,ATCCCATAACTTCGTATAGCATACATTATACGAAGTTAT,39,10.511429384139774,1.6278726438706759,-3.4655423164367676,-3.0331268310546875,6.3253631591796875,30.275737762451172,0.8011009902710106,0.8267716535996652,99.18769985027656,99.8589896642823,"1,0,0,0,3","1,0,0,0,1",FLAG,OK,OK,OK,FLAG,FLAG,FLAG,FLAG,NA
46561,70902,24342,CTCCTAAGAATTCTGTTTTTTGG,TCTACTCTCAATTTTTCTATGGG,AACAGAATTCT,11,CTCAATTTTTC,11,ATAACTTCGTATAATGTATGCTATACGAAGTTATGGGAT,39,ATCCCATAACTTCGTATAGCATACATTATACGAAGTTAT,39,10.475613215817134,1.6301432871221928,-4.370565891265869,-2.396855115890503,38.341400146484375,28.5574951171875,0.8011106621524279,0.8290326249697649,99.410615515565,99.50660634253406,"1,0,0,0,4","1,0,0,0,2",FLAG,FLAG,OK,OK,FLAG,FLAG,FLAG,FLAG,NA
46561,70834,24274,CTCCTAAGAATTCTGTTTTTTGG,CTGCTAGAAGTAACATTCTCAGG,AACAGAATTCT,11,GAAGTAACATT,11,ATAACTTCGTATAATGTATGCTATACGAAGTTATGGGAT,39,ATCCCATAACTTCGTATAGCATACATTATACGAAGTTAT,39,10.25644115875889,1.7517469906961258,-4.370565891265869,-2.346707820892334,38.341400146484375,43.4019889831543,0.8011106621524279,0.950636328543698,99.410615515565,99.98370117583562,"1,0,0,0,4","1,0,0,0,1",FLAG,OK,OK,OK,FLAG,FLAG,FLAG,FLAG,NA
46561,70154,23594,CTCCTAAGAATTCTGTTTTTTGG,TATCTTTACATGACAGCAGAGGG,AACAGAATTCT,11,TACATGACAGC,11,ATAACTTCGTATAATGTATGCTATACGAAGTTATGGGAT,39,ATCCCATAACTTCGTATAGCATACATTATACGAAGTTAT,39,10.234725376313463,1.6577214628177606,-4.370565891265869,-2.3417391777038574,38.341400146484375,58.58969497680664,0.8011106621524279,0.8566108006653328,99.410615515565,99.83913352095225,"1,0,0,0,4","1,0,0,0,1",FLAG,OK,OK,OK,FLAG,OK,FLAG,FLAG,27.32723
46002,70644,24643,ATATTGAACTATCCAGCACCTGG,CTGCAAGACCAAGCCACACCAGG,GCTGGATAGTT,11,GACCAAGCCAC,11,ATAACTTCGTATAATGTATGCTATACGAAGTTATGGGAT,39,ATCCCATAACTTCGTATAGCATACATTATACGAAGTTAT,39,9.943278713311656,1.8727272726717357,2.2578322887420654,4.403904914855957,33.24793243408203,23.19315528869629,0.8727272726717356,1.0,99.85861771207183,99.92960154406788,"1,0,0,0,2","1,0,0,0,1",OK,OK,OK,OK,OK,FLAG,FLAG,FLAG,27.32723
45195,70310,25116,GATATTTCAAGAATTATAACTGG,CTTATCTGTACTAGTAATAAAGG,ATAATTCTTGA,11,TGTACTAGTAA,11,ATAACTTCGTATAATGTATGCTATACGAAGTTATGGGAT,39,ATCCCATAACTTCGTATAGCATACATTATACGAAGTTAT,39,9.395167663841107,1.8774185739522165,-5.606485843658447,-1.6757676601409912,38.00566864013672,70.04681396484375,0.8774185739522165,1.0,99.57297250358144,99.93427764054942,"1,0,0,0,4","1,0,0,0,1",OK,OK,OK,OK,FLAG,FLAG,FLAG,FLAG,27.32723
45126,70110,24985,ATGCCGTAAATAGCAAGATCAGG,AATCCTGAGATACTAGATACAGG,CTTGCTATTTA,11,GAGATACTAGA,11,ATAACTTCGTATAATGTATGCTATACGAAGTTATGGGAT,39,ATCCCATAACTTCGTATAGCATACATTATACGAAGTTAT,39,9.023956616941064,1.8357658925237885,-6.371035099029541,-1.4164035320281982,35.48299026489258,53.69640350341797,0.8536585366790602,0.9821073558447282,98.47904584746688,99.79749578566764,"1,0,0,1,0","1,0,0,0,1",OK,OK,OK,OK,FLAG,OK,FLAG,FLAG,NA
45960,70098,24139,ATCACCTTTTGTTCTTCCCCTGG,CTAGATACAGGTAGTATGTCAGG,GAAGAACAAAA,11,ACAGGTAGTAT,11,ATAACTTCGTATAATGTATGCTATACGAAGTTATGGGAT,39,ATCCCATAACTTCGTATAGCATACATTATACGAAGTTAT,39,8.734096931564181,1.8559479651927866,-2.5410714149475098,-3.43717098236084,37.23070526123047,30.30790901184082,0.8559479651927867,1.0,99.65353360017131,100.0,"1,0,0,0,2","1,0,0,0,0",FLAG,OK,OK,OK,FLAG,OK,FLAG,FLAG,NA
46239,70902,24664,TTTTCAATACCATCATTACCTGG,TCTACTCTCAATTTTTCTATGGG,AATGATGGTAT,11,CTCAATTTTTC,11,ATAACTTCGTATAATGTATGCTATACGAAGTTATGGGAT,39,ATCCCATAACTTCGTATAGCATACATTATACGAAGTTAT,39,8.30640283048649,1.6301336152407755,-3.4655423164367676,-2.396855115890503,6.3253631591796875,28.5574951171875,0.8011009902710106,0.8290326249697649,99.18769985027656,99.50660634253406,"1,0,0,0,3","1,0,0,0,2",FLAG,FLAG,OK,OK,FLAG,FLAG,FLAG,FLAG,NA
46239,70834,24596,TTTTCAATACCATCATTACCTGG,CTGCTAGAAGTAACATTCTCAGG,AATGATGGTAT,11,GAAGTAACATT,11,ATAACTTCGTATAATGTATGCTATACGAAGTTATGGGAT,39,ATCCCATAACTTCGTATAGCATACATTATACGAAGTTAT,39,8.132615257615498,1.7517373188147085,-3.4655423164367676,-2.346707820892334,6.3253631591796875,43.4019889831543,0.8011009902710106,0.950636328543698,99.18769985027656,99.98370117583562,"1,0,0,0,3","1,0,0,0,1",FLAG,OK,OK,OK,FLAG,FLAG,FLAG,FLAG,NA
46239,70154,23916,TTTTCAATACCATCATTACCTGG,TATCTTTACATGACAGCAGAGGG,AATGATGGTAT,11,TACATGACAGC,11,ATAACTTCGTATAATGTATGCTATACGAAGTTATGGGAT,39,ATCCCATAACTTCGTATAGCATACATTATACGAAGTTAT,39,8.115396214390557,1.6577117909363435,-3.4655423164367676,-2.3417391777038574,6.3253631591796875,58.58969497680664,0.8011009902710106,0.8566108006653328,99.18769985027656,99.83913352095225,"1,0,0,0,3","1,0,0,0,1",FLAG,OK,OK,OK,FLAG,OK,FLAG,FLAG,27.32723
45960,70393,24434,ATCACCTTTTGTTCTTCCCCTGG,TAACTAAACTGAACAAATGTAGG,GAAGAACAAAA,11,AACTGAACAAA,11,ATAACTTCGTATAATGTATGCTATACGAAGTTATGGGAT,39,ATCCCATAACTTCGTATAGCATACATTATACGAAGTTAT,39,8.030072451010938,1.8559479651927866,-2.5410714149475098,-3.1601128578186035,37.23070526123047,46.176971435546875,0.8559479651927867,1.0,99.65353360017131,100.0,"1,0,0,0,2","1,0,0,0,0",FLAG,FLAG,OK,OK,FLAG,FLAG,FLAG,FLAG,NA
45195,70110,24916,GATATTTCAAGAATTATAACTGG,AATCCTGAGATACTAGATACAGG,ATAATTCTTGA,11,GAGATACTAGA,11,ATAACTTCGTATAATGTATGCTATACGAAGTTATGGGAT,39,ATCCCATAACTTCGTATAGCATACATTATACGAAGTTAT,39,7.9410463512239176,1.8595259297969446,-5.606485843658447,-1.4164035320281982,38.00566864013672,53.69640350341797,0.8774185739522165,0.9821073558447282,99.57297250358144,99.79749578566764,"1,0,0,0,4","1,0,0,0,1",OK,OK,OK,OK,FLAG,OK,FLAG,FLAG,27.32723
45960,70957,24998,ATCACCTTTTGTTCTTCCCCTGG,TATGACAAGGTGTTAATAGCTGG,GAAGAACAAAA,11,AAGGTGTTAAT,11,ATAACTTCGTATAATGTATGCTATACGAAGTTATGGGAT,39,ATCCCATAACTTCGTATAGCATACATTATACGAAGTTAT,39,7.707391888303391,1.682719618792452,-2.5410714149475098,-3.0331268310546875,37.23070526123047,30.275737762451172,0.8559479651927867,0.8267716535996652,99.65353360017131,99.8589896642823,"1,0,0,0,2","1,0,0,0,1",FLAG,OK,OK,OK,FLAG,FLAG,FLAG,FLAG,27.32723
46958,70957,24000,AAAAACGGAAGTCTTCACATAGG,TATGACAAGGTGTTAATAGCTGG,TGAAGACTTCC,11,AAGGTGTTAAT,11,ATAACTTCGTATAATGTATGCTATACGAAGTTATGGGAT,39,ATCCCATAACTTCGTATAGCATACATTATACGAAGTTAT,39,7.522004182879755,1.8267716535996652,-2.479950428009033,-3.0331268310546875,15.786717414855957,30.275737762451172,1.0,0.8267716535996652,100.0,99.8589896642823,"1,0,0,0,0","1,0,0,0,1",FLAG,OK,OK,OK,OK,FLAG,FLAG,FLAG,NA
46561,70310,23750,CTCCTAAGAATTCTGTTTTTTGG,CTTATCTGTACTAGTAATAAAGG,AACAGAATTCT,11,TGTACTAGTAA,11,ATAACTTCGTATAATGTATGCTATACGAAGTTATGGGAT,39,ATCCCATAACTTCGTATAGCATACATTATACGAAGTTAT,39,7.324052977098631,1.801110662152428,-4.370565891265869,-1.6757676601409912,38.341400146484375,70.04681396484375,0.8011106621524279,1.0,99.410615515565,99.93427764054942,"1,0,0,0,4","1,0,0,0,1",FLAG,OK,OK,OK,FLAG,FLAG,FLAG,FLAG,NA
46561,70110,23550,CTCCTAAGAATTCTGTTTTTTGG,AATCCTGAGATACTAGATACAGG,AACAGAATTCT,11,GAGATACTAGA,11,ATAACTTCGTATAATGTATGCTATACGAAGTTATGGGAT,39,ATCCCATAACTTCGTATAGCATACATTATACGAAGTTAT,39,6.190484965350947,1.783218017997156,-4.370565891265869,-1.4164035320281982,38.341400146484375,53.69640350341797,0.8011106621524279,0.9821073558447282,99.410615515565,99.79749578566764,"1,0,0,0,4","1,0,0,0,1",FLAG,OK,OK,OK,FLAG,OK,FLAG,FLAG,NA
45960,70902,24943,ATCACCTTTTGTTCTTCCCCTGG,TCTACTCTCAATTTTTCTATGGG,GAAGAACAAAA,11,CTCAATTTTTC,11,ATAACTTCGTATAATGTATGCTATACGAAGTTATGGGAT,39,ATCCCATAACTTCGTATAGCATACATTATACGAAGTTAT,39,6.090580020760058,1.6849805901625516,-2.5410714149475098,-2.396855115890503,37.23070526123047,28.5574951171875,0.8559479651927867,0.8290326249697649,99.65353360017131,99.50660634253406,"1,0,0,0,2","1,0,0,0,2",FLAG,FLAG,OK,OK,FLAG,FLAG,FLAG,FLAG,NA
45960,70834,24875,ATCACCTTTTGTTCTTCCCCTGG,CTGCTAGAAGTAACATTCTCAGG,GAAGAACAAAA,11,GAAGTAACATT,11,ATAACTTCGTATAATGTATGCTATACGAAGTTATGGGAT,39,ATCCCATAACTTCGTATAGCATACATTATACGAAGTTAT,39,5.96315216290327,1.8065842937364847,-2.5410714149475098,-2.346707820892334,37.23070526123047,43.4019889831543,0.8559479651927867,0.950636328543698,99.65353360017131,99.98370117583562,"1,0,0,0,2","1,0,0,0,1",FLAG,OK,OK,OK,FLAG,FLAG,FLAG,FLAG,NA
45960,70154,24195,ATCACCTTTTGTTCTTCCCCTGG,TATCTTTACATGACAGCAGAGGG,GAAGAACAAAA,11,TACATGACAGC,11,ATAACTTCGTATAATGTATGCTATACGAAGTTATGGGAT,39,ATCCCATAACTTCGTATAGCATACATTATACGAAGTTAT,39,5.950526485725959,1.7125587658581196,-2.5410714149475098,-2.3417391777038574,37.23070526123047,58.58969497680664,0.8559479651927867,0.8566108006653328,99.65353360017131,99.83913352095225,"1,0,0,0,2","1,0,0,0,1",FLAG,OK,OK,OK,FLAG,OK,FLAG,FLAG,NA
46958,70902,23945,AAAAACGGAAGTCTTCACATAGG,TCTACTCTCAATTTTTCTATGGG,TGAAGACTTCC,11,CTCAATTTTTC,11,ATAACTTCGTATAATGTATGCTATACGAAGTTATGGGAT,39,ATCCCATAACTTCGTATAGCATACATTATACGAAGTTAT,39,5.944081870528294,1.829032624969765,-2.479950428009033,-2.396855115890503,15.786717414855957,28.5574951171875,1.0,0.8290326249697649,100.0,99.50660634253406,"1,0,0,0,0","1,0,0,0,2",FLAG,FLAG,OK,OK,OK,FLAG,FLAG,FLAG,NA
46958,70834,23877,AAAAACGGAAGTCTTCACATAGG,CTGCTAGAAGTAACATTCTCAGG,TGAAGACTTCC,11,GAAGTAACATT,11,ATAACTTCGTATAATGTATGCTATACGAAGTTATGGGAT,39,ATCCCATAACTTCGTATAGCATACATTATACGAAGTTAT,39,5.819719064834089,1.9506363285436978,-2.479950428009033,-2.346707820892334,15.786717414855957,43.4019889831543,1.0,0.950636328543698,100.0,99.98370117583562,"1,0,0,0,0","1,0,0,0,1",FLAG,OK,OK,OK,OK,FLAG,FLAG,FLAG,NA
46239,70310,24072,TTTTCAATACCATCATTACCTGG,CTTATCTGTACTAGTAATAAAGG,AATGATGGTAT,11,TGTACTAGTAA,11,ATAACTTCGTATAATGTATGCTATACGAAGTTATGGGAT,39,ATCCCATAACTTCGTATAGCATACATTATACGAAGTTAT,39,5.8074437387348326,1.8011009902710104,-3.4655423164367676,-1.6757676601409912,6.3253631591796875,70.04681396484375,0.8011009902710106,1.0,99.18769985027656,99.93427764054942,"1,0,0,0,3","1,0,0,0,1",FLAG,OK,OK,OK,FLAG,FLAG,FLAG,FLAG,NA
46239,70110,23872,TTTTCAATACCATCATTACCTGG,AATCCTGAGATACTAGATACAGG,AATGATGGTAT,11,GAGATACTAGA,11,ATAACTTCGTATAATGTATGCTATACGAAGTTATGGGAT,39,ATCCCATAACTTCGTATAGCATACATTATACGAAGTTAT,39,4.9086063773942215,1.7832083461157389,-3.4655423164367676,-1.4164035320281982,6.3253631591796875,53.69640350341797,0.8011009902710106,0.9821073558447282,99.18769985027656,99.79749578566764,"1,0,0,0,3","1,0,0,0,1",FLAG,OK,OK,OK,FLAG,OK,FLAG,FLAG,NA
45960,70310,24351,ATCACCTTTTGTTCTTCCCCTGG,CTTATCTGTACTAGTAATAAAGG,GAAGAACAAAA,11,TGTACTAGTAA,11,ATAACTTCGTATAATGTATGCTATACGAAGTTATGGGAT,39,ATCCCATAACTTCGTATAGCATACATTATACGAAGTTAT,39,4.258245299277746,1.8559479651927866,-2.5410714149475098,-1.6757676601409912,37.23070526123047,70.04681396484375,0.8559479651927867,1.0,99.65353360017131,99.93427764054942,"1,0,0,0,2","1,0,0,0,1",FLAG,OK,OK,OK,FLAG,FLAG,FLAG,FLAG,NA
45960,70110,24151,ATCACCTTTTGTTCTTCCCCTGG,AATCCTGAGATACTAGATACAGG,GAAGAACAAAA,11,GAGATACTAGA,11,ATAACTTCGTATAATGTATGCTATACGAAGTTATGGGAT,39,ATCCCATAACTTCGTATAGCATACATTATACGAAGTTAT,39,3.599182527267544,1.838055321037515,-2.5410714149475098,-1.4164035320281982,37.23070526123047,53.69640350341797,0.8559479651927867,0.9821073558447282,99.65353360017131,99.79749578566764,"1,0,0,0,2","1,0,0,0,1",FLAG,OK,OK,OK,FLAG,OK,FLAG,FLAG,NA
45965,70306,24342,CTTTTGTTCTTCCCCTGGACAGG,TCTGTACTAGTAATAAAGGATGG,CAGGGGAAGAA,11,CTAGTAATAAA,11,ATAACTTCGTATAATGTATGCTATACGAAGTTATGGGAT,39,ATCCCATAACTTCGTATAGCATACATTATACGAAGTTAT,39,1.42734786965093,1.9440970554430264,-0.23448467254638672,-6.087169170379639,25.760005950927734,46.67532730102539,0.9440970554430264,1.0,99.8488852749469,100.0,"1,0,0,0,2","1,0,0,0,0",FLAG,FLAG,OK,OK,OK,FLAG,FLAG,FLAG,NA
45965,70303,24339,CTTTTGTTCTTCCCCTGGACAGG,GTACTAGTAATAAAGGATGGAGG,CAGGGGAAGAA,11,GTAATAAAGGA,11,ATAACTTCGTATAATGTATGCTATACGAAGTTATGGGAT,39,ATCCCATAACTTCGTATAGCATACATTATACGAAGTTAT,39,1.1188469953253843,1.7744068517759086,-0.23448467254638672,-4.771514415740967,25.760005950927734,54.448829650878906,0.9440970554430264,0.8303097963328823,99.8488852749469,99.47763395042564,"1,0,0,0,2","1,0,0,0,2",FLAG,OK,OK,OK,OK,FLAG,FLAG,FLAG,NA
45168,70597,25430,TGTAATTTCAAAGTGTTGATGGG,TTACAACTGGCACTGAACACTGG,AACACTTTGAA,11,CTGGCACTGAA,11,ATAACTTCGTATAATGTATGCTATACGAAGTTATGGGAT,39,ATCCCATAACTTCGTATAGCATACATTATACGAAGTTAT,39,1.0565993520117445,1.7575677126858222,-7.695257663726807,-0.13730525970458984,60.216068267822266,41.90586471557617,0.9384858044978182,0.8190819081880041,99.69618957050992,99.4406278233758,"1,0,0,0,1","1,0,0,0,2",OK,OK,OK,OK,FLAG,OK,FLAG,FLAG,27.32723
46126,70942,24817,AATACCACCTTCTTAGAGAGAGG,ATAGCTGGAGAACCAAGGACAGG,TCTAAGAAGGT,11,GGAGAACCAAG,11,ATAACTTCGTATAATGTATGCTATACGAAGTTATGGGAT,39,ATCCCATAACTTCGTATAGCATACATTATACGAAGTTAT,39,1.0520209219223489,1.6562464036035882,4.59877347946167,0.2287611961364746,58.95682907104492,34.00734329223633,0.8490878938048728,0.8071585097987153,99.7230061704828,99.1718135322497,"1,0,0,0,1","1,0,0,0,1",OK,OK,OK,OK,OK,OK,FLAG,FLAG,27.32723
45965,70947,24983,CTTTTGTTCTTCCCCTGGACAGG,TGTTAATAGCTGGAGAACCAAGG,CAGGGGAAGAA,11,TAGCTGGAGAA,11,ATAACTTCGTATAATGTATGCTATACGAAGTTATGGGAT,39,ATCCCATAACTTCGTATAGCATACATTATACGAAGTTAT,39,0.9979030439239978,1.795289297838752,-0.23448467254638672,-4.255728244781494,25.760005950927734,9.585793495178223,0.9440970554430264,0.8511922423957257,99.8488852749469,98.8435323276827,"1,0,0,0,2","1,0,0,0,4",FLAG,OK,OK,OK,OK,OK,FLAG,FLAG,27.32723
45126,70597,25472,ATGCCGTAAATAGCAAGATCAGG,TTACAACTGGCACTGAACACTGG,CTTGCTATTTA,11,CTGGCACTGAA,11,ATAACTTCGTATAATGTATGCTATACGAAGTTATGGGAT,39,ATCCCATAACTTCGTATAGCATACATTATACGAAGTTAT,39,0.8747766288593084,1.6727404448670642,-6.371035099029541,-0.13730525970458984,35.48299026489258,41.90586471557617,0.8536585366790602,0.8190819081880041,98.47904584746688,99.4406278233758,"1,0,0,1,0","1,0,0,0,2",OK,OK,OK,OK,FLAG,OK,FLAG,FLAG,NA
46126,70570,24445,AATACCACCTTCTTAGAGAGAGG,CCAATGCTCCTTGTTTAGAATGG,TCTAAGAAGGT,11,CTCCTTGTTTA,11,ATAACTTCGTATAATGTATGCTATACGAAGTTATGGGAT,39,ATCCCATAACTTCGTATAGCATACATTATACGAAGTTAT,39,0.8066030255971555,1.7099565926905373,4.59877347946167,0.17539525032043457,58.95682907104492,47.67374038696289,0.8490878938048728,0.8608686988856645,99.7230061704828,99.73301744111052,"1,0,0,0,1","1,0,0,0,3",OK,OK,OK,OK,OK,OK,FLAG,FLAG,NA
45965,70098,24134,CTTTTGTTCTTCCCCTGGACAGG,CTAGATACAGGTAGTATGTCAGG,CAGGGGAAGAA,11,ACAGGTAGTAT,11,ATAACTTCGTATAATGTATGCTATACGAAGTTATGGGAT,39,ATCCCATAACTTCGTATAGCATACATTATACGAAGTTAT,39,0.8059639122848239,1.9440970554430264,-0.23448467254638672,-3.43717098236084,25.760005950927734,30.30790901184082,0.9440970554430264,1.0,99.8488852749469,100.0,"1,0,0,0,2","1,0,0,0,0",FLAG,OK,OK,OK,OK,OK,FLAG,FLAG,NA
45039,70942,25904,ATAAAATGTGAGATTACAAAGGG,ATAGCTGGAGAACCAAGGACAGG,GTAATCTCACA,11,GGAGAACCAAG,11,ATAACTTCGTATAATGTATGCTATACGAAGTTATGGGAT,39,ATCCCATAACTTCGTATAGCATACATTATACGAAGTTAT,39,0.8039122618469037,1.6295418355698859,3.5141985416412354,0.2287611961364746,75.28160095214844,34.00734329223633,0.8223833257711706,0.8071585097987153,98.7584950397269,99.1718135322497,"1,0,0,0,1","1,0,0,0,1",FLAG,OK,OK,OK,OK,OK,FLAG,FLAG,NA
45195,70597,25403,GATATTTCAAGAATTATAACTGG,TTACAACTGGCACTGAACACTGG,ATAATTCTTGA,11,CTGGCACTGAA,11,ATAACTTCGTATAATGTATGCTATACGAAGTTATGGGAT,39,ATCCCATAACTTCGTATAGCATACATTATACGAAGTTAT,39,0.7697999947936296,1.6965004821402205,-5.606485843658447,-0.13730525970458984,38.00566864013672,41.90586471557617,0.8774185739522165,0.8190819081880041,99.57297250358144,99.4406278233758,"1,0,0,0,4","1,0,0,0,2",OK,OK,OK,OK,FLAG,OK,FLAG,FLAG,27.32723
45965,70393,24429,CTTTTGTTCTTCCCCTGGACAGG,TAACTAAACTGAACAAATGTAGG,CAGGGGAAGAA,11,AACTGAACAAA,11,ATAACTTCGTATAATGTATGCTATACGAAGTTATGGGAT,39,ATCCCATAACTTCGTATAGCATACATTATACGAAGTTAT,39,0.7409980286752216,1.9440970554430264,-0.23448467254638672,-3.1601128578186035,25.760005950927734,46.176971435546875,0.9440970554430264,1.0,99.8488852749469,100.0,"1,0,0,0,2","1,0,0,0,0",FLAG,FLAG,OK,OK,OK,FLAG,FLAG,FLAG,NA
45965,70957,24993,CTTTTGTTCTTCCCCTGGACAGG,TATGACAAGGTGTTAATAGCTGG,CAGGGGAAGAA,11,AAGGTGTTAAT,11,ATAACTTCGTATAATGTATGCTATACGAAGTTATGGGAT,39,ATCCCATAACTTCGTATAGCATACATTATACGAAGTTAT,39,0.711221751771518,1.7708687090426916,-0.23448467254638672,-3.0331268310546875,25.760005950927734,30.275737762451172,0.9440970554430264,0.8267716535996652,99.8488852749469,99.8589896642823,"1,0,0,0,2","1,0,0,0,1",FLAG,OK,OK,OK,OK,FLAG,FLAG,FLAG,27.32723
45039,70570,25532,ATAAAATGTGAGATTACAAAGGG,CCAATGCTCCTTGTTTAGAATGG,GTAATCTCACA,11,CTCCTTGTTTA,11,ATAACTTCGTATAATGTATGCTATACGAAGTTATGGGAT,39,ATCCCATAACTTCGTATAGCATACATTATACGAAGTTAT,39,0.6163737328868706,1.6832520246568352,3.5141985416412354,0.17539525032043457,75.28160095214844,47.67374038696289,0.8223833257711706,0.8608686988856645,98.7584950397269,99.73301744111052,"1,0,0,0,1","1,0,0,0,3",FLAG,OK,OK,OK,OK,OK,FLAG,FLAG,27.32723
46561,70597,24037,CTCCTAAGAATTCTGTTTTTTGG,TTACAACTGGCACTGAACACTGG,AACAGAATTCT,11,CTGGCACTGAA,11,ATAACTTCGTATAATGTATGCTATACGAAGTTATGGGAT,39,ATCCCATAACTTCGTATAGCATACATTATACGAAGTTAT,39,0.6001016847562823,1.620192570340432,-4.370565891265869,-0.13730525970458984,38.341400146484375,41.90586471557617,0.8011106621524279,0.8190819081880041,99.410615515565,99.4406278233758,"1,0,0,0,4","1,0,0,0,2",FLAG,OK,OK,OK,FLAG,OK,FLAG,FLAG,NA
45965,70902,24938,CTTTTGTTCTTCCCCTGGACAGG,TCTACTCTCAATTTTTCTATGGG,CAGGGGAAGAA,11,CTCAATTTTTC,11,ATAACTTCGTATAATGTATGCTATACGAAGTTATGGGAT,39,ATCCCATAACTTCGTATAGCATACATTATACGAAGTTAT,39,0.5620257869907164,1.7731296804127914,-0.23448467254638672,-2.396855115890503,25.760005950927734,28.5574951171875,0.9440970554430264,0.8290326249697649,99.8488852749469,99.50660634253406,"1,0,0,0,2","1,0,0,0,2",FLAG,FLAG,OK,OK,OK,FLAG,FLAG,FLAG,NA
45965,70834,24870,CTTTTGTTCTTCCCCTGGACAGG,CTGCTAGAAGTAACATTCTCAGG,CAGGGGAAGAA,11,GAAGTAACATT,11,ATAACTTCGTATAATGTATGCTATACGAAGTTATGGGAT,39,ATCCCATAACTTCGTATAGCATACATTATACGAAGTTAT,39,0.5502670149439837,1.8947333839867242,-0.23448467254638672,-2.346707820892334,25.760005950927734,43.4019889831543,0.9440970554430264,0.950636328543698,99.8488852749469,99.98370117583562,"1,0,0,0,2","1,0,0,0,1",FLAG,OK,OK,OK,OK,FLAG,FLAG,FLAG,NA
45965,70154,24190,CTTTTGTTCTTCCCCTGGACAGG,TATCTTTACATGACAGCAGAGGG,CAGGGGAAGAA,11,TACATGACAGC,11,ATAACTTCGTATAATGTATGCTATACGAAGTTATGGGAT,39,ATCCCATAACTTCGTATAGCATACATTATACGAAGTTAT,39,0.5491019442729339,1.8007078561083592,-0.23448467254638672,-2.3417391777038574,25.760005950927734,58.58969497680664,0.9440970554430264,0.8566108006653328,99.8488852749469,99.83913352095225,"1,0,0,0,2","1,0,0,0,1",FLAG,OK,OK,OK,OK,OK,FLAG,FLAG,NA
46002,70942,24941,ATATTGAACTATCCAGCACCTGG,ATAGCTGGAGAACCAAGGACAGG,GCTGGATAGTT,11,GGAGAACCAAG,11,ATAACTTCGTATAATGTATGCTATACGAAGTTATGGGAT,39,ATCCCATAACTTCGTATAGCATACATTATACGAAGTTAT,39,0.516504415048189,1.6798857824704507,2.2578322887420654,0.2287611961364746,33.24793243408203,34.00734329223633,0.8727272726717356,0.8071585097987153,99.85861771207183,99.1718135322497,"1,0,0,0,2","1,0,0,0,1",OK,OK,OK,OK,OK,OK,FLAG,FLAG,NA
46239,70597,24359,TTTTCAATACCATCATTACCTGG,TTACAACTGGCACTGAACACTGG,AATGATGGTAT,11,CTGGCACTGAA,11,ATAACTTCGTATAATGTATGCTATACGAAGTTATGGGAT,39,ATCCCATAACTTCGTATAGCATACATTATACGAAGTTAT,39,0.47583718777559625,1.6201828984590145,-3.4655423164367676,-0.13730525970458984,6.3253631591796875,41.90586471557617,0.8011009902710106,0.8190819081880041,99.18769985027656,99.4406278233758,"1,0,0,0,3","1,0,0,0,2",FLAG,OK,OK,OK,FLAG,OK,FLAG,FLAG,27.32723
46002,70570,24569,ATATTGAACTATCCAGCACCTGG,CCAATGCTCCTTGTTTAGAATGG,GCTGGATAGTT,11,CTCCTTGTTTA,11,ATAACTTCGTATAATGTATGCTATACGAAGTTATGGGAT,39,ATCCCATAACTTCGTATAGCATACATTATACGAAGTTAT,39,0.39601305946547427,1.7335959715574,2.2578322887420654,0.17539525032043457,33.24793243408203,47.67374038696289,0.8727272726717356,0.8608686988856645,99.85861771207183,99.73301744111052,"1,0,0,0,2","1,0,0,0,3",OK,OK,OK,OK,OK,OK,FLAG,FLAG,27.32723
45965,70310,24346,CTTTTGTTCTTCCCCTGGACAGG,CTTATCTGTACTAGTAATAAAGG,CAGGGGAAGAA,11,TGTACTAGTAA,11,ATAACTTCGTATAATGTATGCTATACGAAGTTATGGGAT,39,ATCCCATAACTTCGTATAGCATACATTATACGAAGTTAT,39,0.392941831051985,1.9440970554430264,-0.23448467254638672,-1.6757676601409912,25.760005950927734,70.04681396484375,0.9440970554430264,1.0,99.8488852749469,99.93427764054942,"1,0,0,0,2","1,0,0,0,1",FLAG,OK,OK,OK,OK,FLAG,FLAG,FLAG,27.32723
45960,70597,24638,ATCACCTTTTGTTCTTCCCCTGG,TTACAACTGGCACTGAACACTGG,GAAGAACAAAA,11,CTGGCACTGAA,11,ATAACTTCGTATAATGTATGCTATACGAAGTTATGGGAT,39,ATCCCATAACTTCGTATAGCATACATTATACGAAGTTAT,39,0.3489024705572774,1.6750298733807907,-2.5410714149475098,-0.13730525970458984,37.23070526123047,41.90586471557617,0.8559479651927867,0.8190819081880041,99.65353360017131,99.4406278233758,"1,0,0,0,2","1,0,0,0,2",FLAG,OK,OK,OK,FLAG,OK,FLAG,FLAG,NA
46958,70597,23640,AAAAACGGAAGTCTTCACATAGG,TTACAACTGGCACTGAACACTGG,TGAAGACTTCC,11,CTGGCACTGAA,11,ATAACTTCGTATAATGTATGCTATACGAAGTTATGGGAT,39,ATCCCATAACTTCGTATAGCATACATTATACGAAGTTAT,39,0.34051023757228904,1.819081908188004,-2.479950428009033,-0.13730525970458984,15.786717414855957,41.90586471557617,1.0,0.8190819081880041,100.0,99.4406278233758,"1,0,0,0,0","1,0,0,0,2",FLAG,OK,OK,OK,OK,OK,FLAG,FLAG,NA
45965,70110,24146,CTTTTGTTCTTCCCCTGGACAGG,AATCCTGAGATACTAGATACAGG,CAGGGGAAGAA,11,GAGATACTAGA,11,ATAACTTCGTATAATGTATGCTATACGAAGTTATGGGAT,39,ATCCCATAACTTCGTATAGCATACATTATACGAAGTTAT,39,0.33212491840117764,1.9262044112877545,-0.23448467254638672,-1.4164035320281982,25.760005950927734,53.69640350341797,0.9440970554430264,0.9821073558447282,99.8488852749469,99.79749578566764,"1,0,0,0,2","1,0,0,0,1",FLAG,OK,OK,OK,OK,OK,FLAG,FLAG,NA
45965,70597,24633,CTTTTGTTCTTCCCCTGGACAGG,TTACAACTGGCACTGAACACTGG,CAGGGGAAGAA,11,CTGGCACTGAA,11,ATAACTTCGTATAATGTATGCTATACGAAGTTATGGGAT,39,ATCCCATAACTTCGTATAGCATACATTATACGAAGTTAT,39,0.03219597886072734,1.7631789636310304,-0.23448467254638672,-0.13730525970458984,25.760005950927734,41.90586471557617,0.9440970554430264,0.8190819081880041,99.8488852749469,99.4406278233758,"1,0,0,0,2","1,0,0,0,2",FLAG,OK,OK,OK,OK,OK,FLAG,FLAG,NA
45965,70570,24606,CTTTTGTTCTTCCCCTGGACAGG,CCAATGCTCCTTGTTTAGAATGG,CAGGGGAAGAA,11,CTCCTTGTTTA,11,ATAACTTCGTATAATGTATGCTATACGAAGTTATGGGAT,39,ATCCCATAACTTCGTATAGCATACATTATACGAAGTTAT,39,-0.04112749783757863,1.8049657543286908,-0.23448467254638672,0.17539525032043457,25.760005950927734,47.67374038696289,0.9440970554430264,0.8608686988856645,99.8488852749469,99.73301744111052,"1,0,0,0,2","1,0,0,0,3",FLAG,OK,OK,OK,OK,OK,FLAG,FLAG,27.32723
45965,70942,24978,CTTTTGTTCTTCCCCTGGACAGG,ATAGCTGGAGAACCAAGGACAGG,CAGGGGAAGAA,11,GGAGAACCAAG,11,ATAACTTCGTATAATGTATGCTATACGAAGTTATGGGAT,39,ATCCCATAACTTCGTATAGCATACATTATACGAAGTTAT,39,-0.053640994167380995,1.7512555652417416,-0.23448467254638672,0.2287611961364746,25.760005950927734,34.00734329223633,0.9440970554430264,0.8071585097987153,99.8488852749469,99.1718135322497,"1,0,0,0,2","1,0,0,0,1",FLAG,OK,OK,OK,OK,OK,FLAG,FLAG,NA
46002,70597,24596,ATATTGAACTATCCAGCACCTGG,TTACAACTGGCACTGAACACTGG,GCTGGATAGTT,11,CTGGCACTGAA,11,ATAACTTCGTATAATGTATGCTATACGAAGTTATGGGAT,39,ATCCCATAACTTCGTATAGCATACATTATACGAAGTTAT,39,-0.3100122487751378,1.6918091808597397,2.2578322887420654,-0.13730525970458984,33.24793243408203,41.90586471557617,0.8727272726717356,0.8190819081880041,99.85861771207183,99.4406278233758,"1,0,0,0,2","1,0,0,0,2",OK,OK,OK,OK,OK,OK,FLAG,FLAG,27.32723
46958,70570,23613,AAAAACGGAAGTCTTCACATAGG,CCAATGCTCCTTGTTTAGAATGG,TGAAGACTTCC,11,CTCCTTGTTTA,11,ATAACTTCGTATAATGTATGCTATACGAAGTTATGGGAT,39,ATCCCATAACTTCGTATAGCATACATTATACGAAGTTAT,39,-0.43497152610291323,1.8608686988856644,-2.479950428009033,0.17539525032043457,15.786717414855957,47.67374038696289,1.0,0.8608686988856645,100.0,99.73301744111052,"1,0,0,0,0","1,0,0,0,3",FLAG,OK,OK,OK,OK,OK,FLAG,FLAG,27.32723
45960,70570,24611,ATCACCTTTTGTTCTTCCCCTGG,CCAATGCTCCTTGTTTAGAATGG,GAAGAACAAAA,11,CTCCTTGTTTA,11,ATAACTTCGTATAATGTATGCTATACGAAGTTATGGGAT,39,ATCCCATAACTTCGTATAGCATACATTATACGAAGTTAT,39,-0.44569185690681934,1.7168166640784512,-2.5410714149475098,0.17539525032043457,37.23070526123047,47.67374038696289,0.8559479651927867,0.8608686988856645,99.65353360017131,99.73301744111052,"1,0,0,0,2","1,0,0,0,3",FLAG,OK,OK,OK,FLAG,OK,FLAG,FLAG,NA
45039,70597,25559,ATAAAATGTGAGATTACAAAGGG,TTACAACTGGCACTGAACACTGG,GTAATCTCACA,11,CTGGCACTGAA,11,ATAACTTCGTATAATGTATGCTATACGAAGTTATGGGAT,39,ATCCCATAACTTCGTATAGCATACATTATACGAAGTTAT,39,-0.4825179434135407,1.6414652339591747,3.5141985416412354,-0.13730525970458984,75.28160095214844,41.90586471557617,0.8223833257711706,0.8190819081880041,98.7584950397269,99.4406278233758,"1,0,0,0,1","1,0,0,0,2",FLAG,OK,OK,OK,OK,OK,FLAG,FLAG,NA
46958,70942,23985,AAAAACGGAAGTCTTCACATAGG,ATAGCTGGAGAACCAAGGACAGG,TGAAGACTTCC,11,GGAGAACCAAG,11,ATAACTTCGTATAATGTATGCTATACGAAGTTATGGGAT,39,ATCCCATAACTTCGTATAGCATACATTATACGAAGTTAT,39,-0.5673164262705086,1.8071585097987153,-2.479950428009033,0.2287611961364746,15.786717414855957,34.00734329223633,1.0,0.8071585097987153,100.0,99.1718135322497,"1,0,0,0,0","1,0,0,0,1",FLAG,OK,OK,OK,OK,OK,FLAG,FLAG,NA
45960,70942,24983,ATCACCTTTTGTTCTTCCCCTGG,ATAGCTGGAGAACCAAGGACAGG,GAAGAACAAAA,11,GGAGAACCAAG,11,ATAACTTCGTATAATGTATGCTATACGAAGTTATGGGAT,39,ATCCCATAACTTCGTATAGCATACATTATACGAAGTTAT,39,-0.5812985363515963,1.663106474991502,-2.5410714149475098,0.2287611961364746,37.23070526123047,34.00734329223633,0.8559479651927867,0.8071585097987153,99.65353360017131,99.1718135322497,"1,0,0,0,2","1,0,0,0,1",FLAG,OK,OK,OK,FLAG,OK,FLAG,FLAG,NA
46239,70570,24332,TTTTCAATACCATCATTACCTGG,CCAATGCTCCTTGTTTAGAATGG,AATGATGGTAT,11,CTCCTTGTTTA,11,ATAACTTCGTATAATGTATGCTATACGAAGTTATGGGAT,39,ATCCCATAACTTCGTATAGCATACATTATACGAAGTTAT,39,-0.6078396620874855,1.661969689156675,-3.4655423164367676,0.17539525032043457,6.3253631591796875,47.67374038696289,0.8011009902710106,0.8608686988856645,99.18769985027656,99.73301744111052,"1,0,0,0,3","1,0,0,0,3",FLAG,OK,OK,OK,FLAG,OK,FLAG,FLAG,NA
46126,70597,24472,AATACCACCTTCTTAGAGAGAGG,TTACAACTGGCACTGAACACTGG,TCTAAGAAGGT,11,CTGGCACTGAA,11,ATAACTTCGTATAATGTATGCTATACGAAGTTATGGGAT,39,ATCCCATAACTTCGTATAGCATACATTATACGAAGTTAT,39,-0.6314357869200649,1.6681698019928768,4.59877347946167,-0.13730525970458984,58.95682907104492,41.90586471557617,0.8490878938048728,0.8190819081880041,99.7230061704828,99.4406278233758,"1,0,0,0,1","1,0,0,0,2",OK,OK,OK,OK,OK,OK,FLAG,FLAG,27.32723
46561,70570,24010,CTCCTAAGAATTCTGTTTTTTGG,CCAATGCTCCTTGTTTAGAATGG,AACAGAATTCT,11,CTCCTTGTTTA,11,ATAACTTCGTATAATGTATGCTATACGAAGTTATGGGAT,39,ATCCCATAACTTCGTATAGCATACATTATACGAAGTTAT,39,-0.7665764985405303,1.6619793610380924,-4.370565891265869,0.17539525032043457,38.341400146484375,47.67374038696289,0.8011106621524279,0.8608686988856645,99.410615515565,99.73301744111052,"1,0,0,0,4","1,0,0,0,3",FLAG,OK,OK,OK,FLAG,OK,FLAG,FLAG,27.32723
46239,70942,24704,TTTTCAATACCATCATTACCTGG,ATAGCTGGAGAACCAAGGACAGG,AATGATGGTAT,11,GGAGAACCAAG,11,ATAACTTCGTATAATGTATGCTATACGAAGTTATGGGAT,39,ATCCCATAACTTCGTATAGCATACATTATACGAAGTTAT,39,-0.7927816055696439,1.608259500069726,-3.4655423164367676,0.2287611961364746,6.3253631591796875,34.00734329223633,0.8011009902710106,0.8071585097987153,99.18769985027656,99.1718135322497,"1,0,0,0,3","1,0,0,0,1",FLAG,OK,OK,OK,FLAG,OK,FLAG,FLAG,27.32723
45195,70570,25376,GATATTTCAAGAATTATAACTGG,CCAATGCTCCTTGTTTAGAATGG,ATAATTCTTGA,11,CTCCTTGTTTA,11,ATAACTTCGTATAATGTATGCTATACGAAGTTATGGGAT,39,ATCCCATAACTTCGTATAGCATACATTATACGAAGTTAT,39,-0.9833509879664462,1.7382872728378809,-5.606485843658447,0.17539525032043457,38.00566864013672,47.67374038696289,0.8774185739522165,0.8608686988856645,99.57297250358144,99.73301744111052,"1,0,0,0,4","1,0,0,0,3",OK,OK,OK,OK,FLAG,OK,FLAG,FLAG,NA
46561,70942,24382,CTCCTAAGAATTCTGTTTTTTGG,ATAGCTGGAGAACCAAGGACAGG,AACAGAATTCT,11,GGAGAACCAAG,11,ATAACTTCGTATAATGTATGCTATACGAAGTTATGGGAT,39,ATCCCATAACTTCGTATAGCATACATTATACGAAGTTAT,39,-0.9998158810792575,1.608269171951143,-4.370565891265869,0.2287611961364746,38.341400146484375,34.00734329223633,0.8011106621524279,0.8071585097987153,99.410615515565,99.1718135322497,"1,0,0,0,4","1,0,0,0,1",FLAG,OK,OK,OK,FLAG,OK,FLAG,FLAG,NA
45965,70644,24680,CTTTTGTTCTTCCCCTGGACAGG,CTGCAAGACCAAGCCACACCAGG,CAGGGGAAGAA,11,GACCAAGCCAC,11,ATAACTTCGTATAATGTATGCTATACGAAGTTATGGGAT,39,ATCCCATAACTTCGTATAGCATACATTATACGAAGTTAT,39,-1.0326482018854222,1.9440970554430264,-0.23448467254638672,4.403904914855957,25.760005950927734,23.19315528869629,0.9440970554430264,1.0,99.8488852749469,99.92960154406788,"1,0,0,0,2","1,0,0,0,1",FLAG,OK,OK,OK,OK,FLAG,FLAG,FLAG,NA
45126,70570,25445,ATGCCGTAAATAGCAAGATCAGG,CCAATGCTCCTTGTTTAGAATGG,CTTGCTATTTA,11,CTCCTTGTTTA,11,ATAACTTCGTATAATGTATGCTATACGAAGTTATGGGAT,39,ATCCCATAACTTCGTATAGCATACATTATACGAAGTTAT,39,-1.117449295994561,1.7145272355647247,-6.371035099029541,0.17539525032043457,35.48299026489258,47.67374038696289,0.8536585366790602,0.8608686988856645,98.47904584746688,99.73301744111052,"1,0,0,1,0","1,0,0,0,3",OK,OK,OK,OK,FLAG,OK,FLAG,FLAG,NA
45195,70942,25748,GATATTTCAAGAATTATAACTGG,ATAGCTGGAGAACCAAGGACAGG,ATAATTCTTGA,11,GGAGAACCAAG,11,ATAACTTCGTATAATGTATGCTATACGAAGTTATGGGAT,39,ATCCCATAACTTCGTATAGCATACATTATACGAAGTTAT,39,-1.2825464077175184,1.6845770837509317,-5.606485843658447,0.2287611961364746,38.00566864013672,34.00734329223633,0.8774185739522165,0.8071585097987153,99.57297250358144,99.1718135322497,"1,0,0,0,4","1,0,0,0,1",OK,OK,OK,OK,FLAG,OK,FLAG,FLAG,27.32723
45168,70570,25403,TGTAATTTCAAAGTGTTGATGGG,CCAATGCTCCTTGTTTAGAATGG,AACACTTTGAA,11,CTCCTTGTTTA,11,ATAACTTCGTATAATGTATGCTATACGAAGTTATGGGAT,39,ATCCCATAACTTCGTATAGCATACATTATACGAAGTTAT,39,-1.3497116442096058,1.7993545033834826,-7.695257663726807,0.17539525032043457,60.216068267822266,47.67374038696289,0.9384858044978182,0.8608686988856645,99.69618957050992,99.73301744111052,"1,0,0,0,1","1,0,0,0,3",OK,OK,OK,OK,FLAG,OK,FLAG,FLAG,NA
45126,70942,25817,ATGCCGTAAATAGCAAGATCAGG,ATAGCTGGAGAACCAAGGACAGG,CTTGCTATTTA,11,GGAGAACCAAG,11,ATAACTTCGTATAATGTATGCTATACGAAGTTATGGGAT,39,ATCCCATAACTTCGTATAGCATACATTATACGAAGTTAT,39,-1.4574456098814608,1.6608170464777756,-6.371035099029541,0.2287611961364746,35.48299026489258,34.00734329223633,0.8536585366790602,0.8071585097987153,98.47904584746688,99.1718135322497,"1,0,0,1,0","1,0,0,0,1",OK,OK,OK,OK,FLAG,OK,FLAG,FLAG,27.32723
45168,70942,25775,TGTAATTTCAAAGTGTTGATGGG,ATAGCTGGAGAACCAAGGACAGG,AACACTTTGAA,11,GGAGAACCAAG,11,ATAACTTCGTATAATGTATGCTATACGAAGTTATGGGAT,39,ATCCCATAACTTCGTATAGCATACATTATACGAAGTTAT,39,-1.7603763477325174,1.7456443142965334,-7.695257663726807,0.2287611961364746,60.216068267822266,34.00734329223633,0.9384858044978182,0.8071585097987153,99.69618957050992,99.1718135322497,"1,0,0,0,1","1,0,0,0,1",OK,OK,OK,OK,FLAG,OK,FLAG,FLAG,27.32723
46002,70110,24109,ATATTGAACTATCCAGCACCTGG,AATCCTGAGATACTAGATACAGG,GCTGGATAGTT,11,GAGATACTAGA,11,ATAACTTCGTATAATGTATGCTATACGAAGTTATGGGAT,39,ATCCCATAACTTCGTATAGCATACATTATACGAAGTTAT,39,-3.198001628501572,1.8548346285164636,2.2578322887420654,-1.4164035320281982,33.24793243408203,53.69640350341797,0.8727272726717356,0.9821073558447282,99.85861771207183,99.79749578566764,"1,0,0,0,2","1,0,0,0,1",OK,OK,OK,OK,OK,OK,FLAG,FLAG,NA
45965,70610,24646,CTTTTGTTCTTCCCCTGGACAGG,CCAACAGCTCCCTTTACAACTGG,CAGGGGAAGAA,11,GCTCCCTTTAC,11,ATAACTTCGTATAATGTATGCTATACGAAGTTATGGGAT,39,ATCCCATAACTTCGTATAGCATACATTATACGAAGTTAT,39,-3.6393256646078953,1.8114481848432769,-0.23448467254638672,15.520526885986328,25.760005950927734,66.78926849365234,0.9440970554430264,0.8673511294002505,99.8488852749469,99.22988900546896,"1,0,0,0,2","1,0,0,0,4",FLAG,OK,OK,OK,OK,OK,FLAG,FLAG,NA
46002,70310,24309,ATATTGAACTATCCAGCACCTGG,CTTATCTGTACTAGTAATAAAGG,GCTGGATAGTT,11,TGTACTAGTAA,11,ATAACTTCGTATAATGTATGCTATACGAAGTTATGGGAT,39,ATCCCATAACTTCGTATAGCATACATTATACGAAGTTAT,39,-3.78360233149607,1.8727272726717357,2.2578322887420654,-1.6757676601409912,33.24793243408203,70.04681396484375,0.8727272726717356,1.0,99.85861771207183,99.93427764054942,"1,0,0,0,2","1,0,0,0,1",OK,OK,OK,OK,OK,FLAG,FLAG,FLAG,NA
45039,70110,25072,ATAAAATGTGAGATTACAAAGGG,AATCCTGAGATACTAGATACAGG,GTAATCTCACA,11,GAGATACTAGA,11,ATAACTTCGTATAATGTATGCTATACGAAGTTATGGGAT,39,ATCCCATAACTTCGTATAGCATACATTATACGAAGTTAT,39,-4.977523226628989,1.8044906816158988,3.5141985416412354,-1.4164035320281982,75.28160095214844,53.69640350341797,0.8223833257711706,0.9821073558447282,98.7584950397269,99.79749578566764,"1,0,0,0,1","1,0,0,0,1",FLAG,OK,OK,OK,OK,OK,FLAG,FLAG,NA
46002,70154,24153,ATATTGAACTATCCAGCACCTGG,TATCTTTACATGACAGCAGAGGG,GCTGGATAGTT,11,TACATGACAGC,11,ATAACTTCGTATAATGTATGCTATACGAAGTTATGGGAT,39,ATCCCATAACTTCGTATAGCATACATTATACGAAGTTAT,39,-5.287254327232063,1.7293380733370682,2.2578322887420654,-2.3417391777038574,33.24793243408203,58.58969497680664,0.8727272726717356,0.8566108006653328,99.85861771207183,99.83913352095225,"1,0,0,0,2","1,0,0,0,1",OK,OK,OK,OK,OK,OK,FLAG,FLAG,NA
46002,70834,24833,ATATTGAACTATCCAGCACCTGG,CTGCTAGAAGTAACATTCTCAGG,GCTGGATAGTT,11,GAAGTAACATT,11,ATAACTTCGTATAATGTATGCTATACGAAGTTATGGGAT,39,ATCCCATAACTTCGTATAGCATACATTATACGAAGTTAT,39,-5.298472690254243,1.8233636012154335,2.2578322887420654,-2.346707820892334,33.24793243408203,43.4019889831543,0.8727272726717356,0.950636328543698,99.85861771207183,99.98370117583562,"1,0,0,0,2","1,0,0,0,1",OK,OK,OK,OK,OK,FLAG,FLAG,FLAG,41.86354
46002,70902,24901,ATATTGAACTATCCAGCACCTGG,TCTACTCTCAATTTTTCTATGGG,GCTGGATAGTT,11,CTCAATTTTTC,11,ATAACTTCGTATAATGTATGCTATACGAAGTTATGGGAT,39,ATCCCATAACTTCGTATAGCATACATTATACGAAGTTAT,39,-5.411696872094183,1.7017598976415005,2.2578322887420654,-2.396855115890503,33.24793243408203,28.5574951171875,0.8727272726717356,0.8290326249697649,99.85861771207183,99.50660634253406,"1,0,0,0,2","1,0,0,0,2",OK,FLAG,OK,OK,OK,FLAG,FLAG,FLAG,41.86354
45039,70310,25272,ATAAAATGTGAGATTACAAAGGG,CTTATCTGTACTAGTAATAAAGG,GTAATCTCACA,11,TGTACTAGTAA,11,ATAACTTCGTATAATGTATGCTATACGAAGTTATGGGAT,39,ATCCCATAACTTCGTATAGCATACATTATACGAAGTTAT,39,-5.888980267397017,1.8223833257711706,3.5141985416412354,-1.6757676601409912,75.28160095214844,70.04681396484375,0.8223833257711706,1.0,98.7584950397269,99.93427764054942,"1,0,0,0,1","1,0,0,0,1",FLAG,OK,OK,OK,OK,FLAG,FLAG,FLAG,41.86354
46126,70110,23985,AATACCACCTTCTTAGAGAGAGG,AATCCTGAGATACTAGATACAGG,TCTAAGAAGGT,11,GAGATACTAGA,11,ATAACTTCGTATAATGTATGCTATACGAAGTTATGGGAT,39,ATCCCATAACTTCGTATAGCATACATTATACGAAGTTAT,39,-6.513718999307116,1.8311952496496011,4.59877347946167,-1.4164035320281982,58.95682907104492,53.69640350341797,0.8490878938048728,0.9821073558447282,99.7230061704828,99.79749578566764,"1,0,0,0,1","1,0,0,0,1",OK,OK,OK,OK,OK,OK,FLAG,FLAG,NA
46002,70957,24956,ATATTGAACTATCCAGCACCTGG,TATGACAAGGTGTTAATAGCTGG,GCTGGATAGTT,11,AAGGTGTTAAT,11,ATAACTTCGTATAATGTATGCTATACGAAGTTATGGGAT,39,ATCCCATAACTTCGTATAGCATACATTATACGAAGTTAT,39,-6.848291695005173,1.6994989262714006,2.2578322887420654,-3.0331268310546875,33.24793243408203,30.275737762451172,0.8727272726717356,0.8267716535996652,99.85861771207183,99.8589896642823,"1,0,0,0,2","1,0,0,0,1",OK,OK,OK,OK,OK,FLAG,FLAG,FLAG,NA
46002,70393,24392,ATATTGAACTATCCAGCACCTGG,TAACTAAACTGAACAAATGTAGG,GCTGGATAGTT,11,AACTGAACAAA,11,ATAACTTCGTATAATGTATGCTATACGAAGTTATGGGAT,39,ATCCCATAACTTCGTATAGCATACATTATACGAAGTTAT,39,-7.135004846451807,1.8727272726717357,2.2578322887420654,-3.1601128578186035,33.24793243408203,46.176971435546875,0.8727272726717356,1.0,99.85861771207183,100.0,"1,0,0,0,2","1,0,0,0,0",OK,FLAG,OK,OK,OK,FLAG,FLAG,FLAG,NA
46126,70310,24185,AATACCACCTTCTTAGAGAGAGG,CTTATCTGTACTAGTAATAAAGG,TCTAAGAAGGT,11,TGTACTAGTAA,11,ATAACTTCGTATAATGTATGCTATACGAAGTTATGGGAT,39,ATCCCATAACTTCGTATAGCATACATTATACGAAGTTAT,39,-7.706475873195927,1.8490878938048727,4.59877347946167,-1.6757676601409912,58.95682907104492,70.04681396484375,0.8490878938048728,1.0,99.7230061704828,99.93427764054942,"1,0,0,0,1","1,0,0,0,1",OK,OK,OK,OK,OK,FLAG,FLAG,FLAG,NA
46002,70098,24097,ATATTGAACTATCCAGCACCTGG,CTAGATACAGGTAGTATGTCAGG,GCTGGATAGTT,11,ACAGGTAGTAT,11,ATAACTTCGTATAATGTATGCTATACGAAGTTATGGGAT,39,ATCCCATAACTTCGTATAGCATACATTATACGAAGTTAT,39,-7.760555625901588,1.8727272726717357,2.2578322887420654,-3.43717098236084,33.24793243408203,30.30790901184082,0.8727272726717356,1.0,99.85861771207183,100.0,"1,0,0,0,2","1,0,0,0,0",OK,OK,OK,OK,OK,OK,FLAG,FLAG,41.86354
45039,70154,25116,ATAAAATGTGAGATTACAAAGGG,TATCTTTACATGACAGCAGAGGG,GTAATCTCACA,11,TACATGACAGC,11,ATAACTTCGTATAATGTATGCTATACGAAGTTATGGGAT,39,ATCCCATAACTTCGTATAGCATACATTATACGAAGTTAT,39,-8.229336403191041,1.6789941264365034,3.5141985416412354,-2.3417391777038574,75.28160095214844,58.58969497680664,0.8223833257711706,0.8566108006653328,98.7584950397269,99.83913352095225,"1,0,0,0,1","1,0,0,0,1",FLAG,OK,OK,OK,OK,OK,FLAG,FLAG,NA
45039,70834,25796,ATAAAATGTGAGATTACAAAGGG,CTGCTAGAAGTAACATTCTCAGG,GTAATCTCACA,11,GAAGTAACATT,11,ATAACTTCGTATAATGTATGCTATACGAAGTTATGGGAT,39,ATCCCATAACTTCGTATAGCATACATTATACGAAGTTAT,39,-8.246797201837921,1.7730196543148686,3.5141985416412354,-2.346707820892334,75.28160095214844,43.4019889831543,0.8223833257711706,0.950636328543698,98.7584950397269,99.98370117583562,"1,0,0,0,1","1,0,0,0,1",FLAG,OK,OK,OK,OK,FLAG,FLAG,FLAG,41.86354
45039,70902,25864,ATAAAATGTGAGATTACAAAGGG,TCTACTCTCAATTTTTCTATGGG,GTAATCTCACA,11,CTCAATTTTTC,11,ATAACTTCGTATAATGTATGCTATACGAAGTTATGGGAT,39,ATCCCATAACTTCGTATAGCATACATTATACGAAGTTAT,39,-8.42302475278774,1.6514159507409354,3.5141985416412354,-2.396855115890503,75.28160095214844,28.5574951171875,0.8223833257711706,0.8290326249697649,98.7584950397269,99.50660634253406,"1,0,0,0,1","1,0,0,0,2",FLAG,FLAG,OK,OK,OK,FLAG,FLAG,FLAG,41.86354
46002,70947,24946,ATATTGAACTATCCAGCACCTGG,TGTTAATAGCTGGAGAACCAAGG,GCTGGATAGTT,11,TAGCTGGAGAA,11,ATAACTTCGTATAATGTATGCTATACGAAGTTATGGGAT,39,ATCCCATAACTTCGTATAGCATACATTATACGAAGTTAT,39,-9.608720643179254,1.723919515067461,2.2578322887420654,-4.255728244781494,33.24793243408203,9.585793495178223,0.8727272726717356,0.8511922423957257,99.85861771207183,98.8435323276827,"1,0,0,0,2","1,0,0,0,4",OK,OK,OK,OK,OK,OK,FLAG,FLAG,NA
45039,70957,25919,ATAAAATGTGAGATTACAAAGGG,TATGACAAGGTGTTAATAGCTGG,GTAATCTCACA,11,AAGGTGTTAAT,11,ATAACTTCGTATAATGTATGCTATACGAAGTTATGGGAT,39,ATCCCATAACTTCGTATAGCATACATTATACGAAGTTAT,39,-10.659009886305284,1.6491549793708358,3.5141985416412354,-3.0331268310546875,75.28160095214844,30.275737762451172,0.8223833257711706,0.8267716535996652,98.7584950397269,99.8589896642823,"1,0,0,0,1","1,0,0,0,1",FLAG,OK,OK,OK,OK,FLAG,FLAG,FLAG,NA
46126,70154,24029,AATACCACCTTCTTAGAGAGAGG,TATCTTTACATGACAGCAGAGGG,TCTAAGAAGGT,11,TACATGACAGC,11,ATAACTTCGTATAATGTATGCTATACGAAGTTATGGGAT,39,ATCCCATAACTTCGTATAGCATACATTATACGAAGTTAT,39,-10.769128026240878,1.7056986944702057,4.59877347946167,-2.3417391777038574,58.95682907104492,58.58969497680664,0.8490878938048728,0.8566108006653328,99.7230061704828,99.83913352095225,"1,0,0,0,1","1,0,0,0,1",OK,OK,OK,OK,OK,OK,FLAG,FLAG,NA
46002,70303,24302,ATATTGAACTATCCAGCACCTGG,GTACTAGTAATAAAGGATGGAGG,GCTGGATAGTT,11,GTAATAAAGGA,11,ATAACTTCGTATAATGTATGCTATACGAAGTTATGGGAT,39,ATCCCATAACTTCGTATAGCATACATTATACGAAGTTAT,39,-10.773279314058186,1.7030370690046177,2.2578322887420654,-4.771514415740967,33.24793243408203,54.448829650878906,0.8727272726717356,0.8303097963328823,99.85861771207183,99.47763395042564,"1,0,0,0,2","1,0,0,0,2",OK,OK,OK,OK,OK,FLAG,FLAG,FLAG,NA
46126,70834,24709,AATACCACCTTCTTAGAGAGAGG,CTGCTAGAAGTAACATTCTCAGG,TCTAAGAAGGT,11,GAAGTAACATT,11,ATAACTTCGTATAATGTATGCTATACGAAGTTATGGGAT,39,ATCCCATAACTTCGTATAGCATACATTATACGAAGTTAT,39,-10.791977690764952,1.7997242223485708,4.59877347946167,-2.346707820892334,58.95682907104492,43.4019889831543,0.8490878938048728,0.950636328543698,99.7230061704828,99.98370117583562,"1,0,0,0,1","1,0,0,0,1",OK,OK,OK,OK,OK,FLAG,FLAG,FLAG,NA
46958,70644,23687,AAAAACGGAAGTCTTCACATAGG,CTGCAAGACCAAGCCACACCAGG,TGAAGACTTCC,11,GACCAAGCCAC,11,ATAACTTCGTATAATGTATGCTATACGAAGTTATGGGAT,39,ATCCCATAACTTCGTATAGCATACATTATACGAAGTTAT,39,-10.921465878508116,2.0,-2.479950428009033,4.403904914855957,15.786717414855957,23.19315528869629,1.0,1.0,100.0,99.92960154406788,"1,0,0,0,0","1,0,0,0,1",FLAG,OK,OK,OK,OK,FLAG,FLAG,FLAG,41.86354
46126,70902,24777,AATACCACCTTCTTAGAGAGAGG,TCTACTCTCAATTTTTCTATGGG,TCTAAGAAGGT,11,CTCAATTTTTC,11,ATAACTTCGTATAATGTATGCTATACGAAGTTATGGGAT,39,ATCCCATAACTTCGTATAGCATACATTATACGAAGTTAT,39,-11.022593741069272,1.6781205187746377,4.59877347946167,-2.396855115890503,58.95682907104492,28.5574951171875,0.8490878938048728,0.8290326249697649,99.7230061704828,99.50660634253406,"1,0,0,0,1","1,0,0,0,2",OK,FLAG,OK,OK,OK,FLAG,FLAG,FLAG,41.86354
45039,70393,25355,ATAAAATGTGAGATTACAAAGGG,TAACTAAACTGAACAAATGTAGG,GTAATCTCACA,11,AACTGAACAAA,11,ATAACTTCGTATAATGTATGCTATACGAAGTTATGGGAT,39,ATCCCATAACTTCGTATAGCATACATTATACGAAGTTAT,39,-11.105263996367853,1.8223833257711706,3.5141985416412354,-3.1601128578186035,75.28160095214844,46.176971435546875,0.8223833257711706,1.0,98.7584950397269,100.0,"1,0,0,0,1","1,0,0,0,0",FLAG,FLAG,OK,OK,OK,FLAG,FLAG,FLAG,41.86354
45960,70644,24685,ATCACCTTTTGTTCTTCCCCTGG,CTGCAAGACCAAGCCACACCAGG,GAAGAACAAAA,11,GACCAAGCCAC,11,ATAACTTCGTATAATGTATGCTATACGAAGTTATGGGAT,39,ATCCCATAACTTCGTATAGCATACATTATACGAAGTTAT,39,-11.19063689328732,1.8559479651927866,-2.5410714149475098,4.403904914855957,37.23070526123047,23.19315528869629,0.8559479651927867,1.0,99.65353360017131,99.92960154406788,"1,0,0,0,2","1,0,0,0,1",FLAG,OK,OK,OK,FLAG,FLAG,FLAG,FLAG,NA
45039,70098,25060,ATAAAATGTGAGATTACAAAGGG,CTAGATACAGGTAGTATGTCAGG,GTAATCTCACA,11,ACAGGTAGTAT,11,ATAACTTCGTATAATGTATGCTATACGAAGTTATGGGAT,39,ATCCCATAACTTCGTATAGCATACATTATACGAAGTTAT,39,-12.078901253584036,1.8223833257711706,3.5141985416412354,-3.43717098236084,75.28160095214844,30.30790901184082,0.8223833257711706,1.0,98.7584950397269,100.0,"1,0,0,0,1","1,0,0,0,0",FLAG,OK,OK,OK,OK,OK,FLAG,FLAG,NA
46002,70306,24305,ATATTGAACTATCCAGCACCTGG,TCTGTACTAGTAATAAAGGATGG,GCTGGATAGTT,11,CTAGTAATAAA,11,ATAACTTCGTATAATGTATGCTATACGAAGTTATGGGAT,39,ATCCCATAACTTCGTATAGCATACATTATACGAAGTTAT,39,-13.7438070999184,1.8727272726717357,2.2578322887420654,-6.087169170379639,33.24793243408203,46.67532730102539,0.8727272726717356,1.0,99.85861771207183,100.0,"1,0,0,0,2","1,0,0,0,0",OK,FLAG,OK,OK,OK,FLAG,FLAG,FLAG,NA
46126,70957,24832,AATACCACCTTCTTAGAGAGAGG,TATGACAAGGTGTTAATAGCTGG,TCTAAGAAGGT,11,AAGGTGTTAAT,11,ATAACTTCGTATAATGTATGCTATACGAAGTTATGGGAT,39,ATCCCATAACTTCGTATAGCATACATTATACGAAGTTAT,39,-13.948663230497914,1.6758595474045381,4.59877347946167,-3.0331268310546875,58.95682907104492,30.275737762451172,0.8490878938048728,0.8267716535996652,99.7230061704828,99.8589896642823,"1,0,0,0,1","1,0,0,0,1",OK,OK,OK,OK,OK,FLAG,FLAG,FLAG,NA
46126,70393,24268,AATACCACCTTCTTAGAGAGAGG,TAACTAAACTGAACAAATGTAGG,TCTAAGAAGGT,11,AACTGAACAAA,11,ATAACTTCGTATAATGTATGCTATACGAAGTTATGGGAT,39,ATCCCATAACTTCGTATAGCATACATTATACGAAGTTAT,39,-14.53264320264202,1.8490878938048727,4.59877347946167,-3.1601128578186035,58.95682907104492,46.176971435546875,0.8490878938048728,1.0,99.7230061704828,100.0,"1,0,0,0,1","1,0,0,0,0",OK,FLAG,OK,OK,OK,FLAG,FLAG,FLAG,41.86354
45039,70947,25909,ATAAAATGTGAGATTACAAAGGG,TGTTAATAGCTGGAGAACCAAGG,GTAATCTCACA,11,TAGCTGGAGAA,11,ATAACTTCGTATAATGTATGCTATACGAAGTTATGGGAT,39,ATCCCATAACTTCGTATAGCATACATTATACGAAGTTAT,39,-14.955473991432541,1.6735755681668962,3.5141985416412354,-4.255728244781494,75.28160095214844,9.585793495178223,0.8223833257711706,0.8511922423957257,98.7584950397269,98.8435323276827,"1,0,0,0,1","1,0,0,0,4",FLAG,OK,OK,OK,OK,OK,FLAG,FLAG,NA
46239,70644,24406,TTTTCAATACCATCATTACCTGG,CTGCAAGACCAAGCCACACCAGG,AATGATGGTAT,11,GACCAAGCCAC,11,ATAACTTCGTATAATGTATGCTATACGAAGTTATGGGAT,39,ATCCCATAACTTCGTATAGCATACATTATACGAAGTTAT,39,-15.261918839997179,1.8011009902710104,-3.4655423164367676,4.403904914855957,6.3253631591796875,23.19315528869629,0.8011009902710106,1.0,99.18769985027656,99.92960154406788,"1,0,0,0,3","1,0,0,0,1",FLAG,OK,OK,OK,FLAG,FLAG,FLAG,FLAG,41.86354
46126,70098,23973,AATACCACCTTCTTAGAGAGAGG,CTAGATACAGGTAGTATGTCAGG,TCTAAGAAGGT,11,ACAGGTAGTAT,11,ATAACTTCGTATAATGTATGCTATACGAAGTTATGGGAT,39,ATCCCATAACTTCGTATAGCATACATTATACGAAGTTAT,39,-15.806770758056246,1.8490878938048727,4.59877347946167,-3.43717098236084,58.95682907104492,30.30790901184082,0.8490878938048728,1.0,99.7230061704828,100.0,"1,0,0,0,1","1,0,0,0,0",OK,OK,OK,OK,OK,OK,FLAG,FLAG,41.86354
45039,70303,25265,ATAAAATGTGAGATTACAAAGGG,GTACTAGTAATAAAGGATGGAGG,GTAATCTCACA,11,GTAATAAAGGA,11,ATAACTTCGTATAATGTATGCTATACGAAGTTATGGGAT,39,ATCCCATAACTTCGTATAGCATACATTATACGAAGTTAT,39,-16.768049001217037,1.6526931221040528,3.5141985416412354,-4.771514415740967,75.28160095214844,54.448829650878906,0.8223833257711706,0.8303097963328823,98.7584950397269,99.47763395042564,"1,0,0,0,1","1,0,0,0,2",FLAG,OK,OK,OK,OK,FLAG,FLAG,FLAG,NA
46561,70644,24084,CTCCTAAGAATTCTGTTTTTTGG,CTGCAAGACCAAGCCACACCAGG,AACAGAATTCT,11,GACCAAGCCAC,11,ATAACTTCGTATAATGTATGCTATACGAAGTTATGGGAT,39,ATCCCATAACTTCGTATAGCATACATTATACGAAGTTAT,39,-19.247556609247567,1.801110662152428,-4.370565891265869,4.403904914855957,38.341400146484375,23.19315528869629,0.8011106621524279,1.0,99.410615515565,99.92960154406788,"1,0,0,0,4","1,0,0,0,1",FLAG,OK,OK,OK,FLAG,FLAG,FLAG,FLAG,NA
46126,70947,24822,AATACCACCTTCTTAGAGAGAGG,TGTTAATAGCTGGAGAACCAAGG,TCTAAGAAGGT,11,TAGCTGGAGAA,11,ATAACTTCGTATAATGTATGCTATACGAAGTTATGGGAT,39,ATCCCATAACTTCGTATAGCATACATTATACGAAGTTAT,39,-19.571130187897097,1.7002801362005986,4.59877347946167,-4.255728244781494,58.95682907104492,9.585793495178223,0.8490878938048728,0.8511922423957257,99.7230061704828,98.8435323276827,"1,0,0,0,1","1,0,0,0,4",OK,OK,OK,OK,OK,OK,FLAG,FLAG,NA
45039,70306,25268,ATAAAATGTGAGATTACAAAGGG,TCTGTACTAGTAATAAAGGATGG,GTAATCTCACA,11,CTAGTAATAAA,11,ATAACTTCGTATAATGTATGCTATACGAAGTTATGGGAT,39,ATCCCATAACTTCGTATAGCATACATTATACGAAGTTAT,39,-21.391521021271615,1.8223833257711706,3.5141985416412354,-6.087169170379639,75.28160095214844,46.67532730102539,0.8223833257711706,1.0,98.7584950397269,100.0,"1,0,0,0,1","1,0,0,0,0",FLAG,FLAG,OK,OK,OK,FLAG,FLAG,FLAG,NA
46126,70303,24178,AATACCACCTTCTTAGAGAGAGG,GTACTAGTAATAAAGGATGGAGG,TCTAAGAAGGT,11,GTAATAAAGGA,11,ATAACTTCGTATAATGTATGCTATACGAAGTTATGGGAT,39,ATCCCATAACTTCGTATAGCATACATTATACGAAGTTAT,39,-21.943113951978603,1.6793976901377552,4.59877347946167,-4.771514415740967,58.95682907104492,54.448829650878906,0.8490878938048728,0.8303097963328823,99.7230061704828,99.47763395042564,"1,0,0,0,1","1,0,0,0,2",OK,OK,OK,OK,OK,FLAG,FLAG,FLAG,NA
45195,70644,25450,GATATTTCAAGAATTATAACTGG,CTGCAAGACCAAGCCACACCAGG,ATAATTCTTGA,11,GACCAAGCCAC,11,ATAACTTCGTATAATGTATGCTATACGAAGTTATGGGAT,39,ATCCCATAACTTCGTATAGCATACATTATACGAAGTTAT,39,-24.690430561957783,1.8774185739522165,-5.606485843658447,4.403904914855957,38.00566864013672,23.19315528869629,0.8774185739522165,1.0,99.57297250358144,99.92960154406788,"1,0,0,0,4","1,0,0,0,1",OK,OK,OK,OK,FLAG,FLAG,FLAG,FLAG,41.86354
46126,70306,24181,AATACCACCTTCTTAGAGAGAGG,TCTGTACTAGTAATAAAGGATGG,TCTAAGAAGGT,11,CTAGTAATAAA,11,ATAACTTCGTATAATGTATGCTATACGAAGTTATGGGAT,39,ATCCCATAACTTCGTATAGCATACATTATACGAAGTTAT,39,-27.993512145738578,1.8490878938048727,4.59877347946167,-6.087169170379639,58.95682907104492,46.67532730102539,0.8490878938048728,1.0,99.7230061704828,100.0,"1,0,0,0,1","1,0,0,0,0",OK,FLAG,OK,OK,OK,FLAG,FLAG,FLAG,41.86354
45126,70644,25519,ATGCCGTAAATAGCAAGATCAGG,CTGCAAGACCAAGCCACACCAGG,CTTGCTATTTA,11,GACCAAGCCAC,11,ATAACTTCGTATAATGTATGCTATACGAAGTTATGGGAT,39,ATCCCATAACTTCGTATAGCATACATTATACGAAGTTAT,39,-28.057432785336005,1.85365853667906,-6.371035099029541,4.403904914855957,35.48299026489258,23.19315528869629,0.8536585366790602,1.0,98.47904584746688,99.92960154406788,"1,0,0,1,0","1,0,0,0,1",OK,OK,OK,OK,FLAG,FLAG,FLAG,FLAG,41.86354
45168,70644,25477,TGTAATTTCAAAGTGTTGATGGG,CTGCAAGACCAAGCCACACCAGG,AACACTTTGAA,11,GACCAAGCCAC,11,ATAACTTCGTATAATGTATGCTATACGAAGTTATGGGAT,39,ATCCCATAACTTCGTATAGCATACATTATACGAAGTTAT,39,-33.88918304636945,1.9384858044978182,-7.695257663726807,4.403904914855957,60.216068267822266,23.19315528869629,0.9384858044978182,1.0,99.69618957050992,99.92960154406788,"1,0,0,0,1","1,0,0,0,1",OK,OK,OK,OK,FLAG,FLAG,FLAG,FLAG,NA
46958,70610,23653,AAAAACGGAAGTCTTCACATAGG,CCAACAGCTCCCTTTACAACTGG,TGAAGACTTCC,11,GCTCCCTTTAC,11,ATAACTTCGTATAATGTATGCTATACGAAGTTATGGGAT,39,ATCCCATAACTTCGTATAGCATACATTATACGAAGTTAT,39,-38.4901372938275,1.8673511294002505,-2.479950428009033,15.520526885986328,15.786717414855957,66.78926849365234,1.0,0.8673511294002505,100.0,99.22988900546896,"1,0,0,0,0","1,0,0,0,4",FLAG,OK,OK,OK,OK,OK,FLAG,FLAG,NA
45960,70610,24651,ATCACCTTTTGTTCTTCCCCTGG,CCAACAGCTCCCTTTACAACTGG,GAAGAACAAAA,11,GCTCCCTTTAC,11,ATAACTTCGTATAATGTATGCTATACGAAGTTATGGGAT,39,ATCCCATAACTTCGTATAGCATACATTATACGAAGTTAT,39,-39.438767214904146,1.7232990945930373,-2.5410714149475098,15.520526885986328,37.23070526123047,66.78926849365234,0.8559479651927867,0.8673511294002505,99.65353360017131,99.22988900546896,"1,0,0,0,2","1,0,0,0,4",FLAG,OK,OK,OK,FLAG,OK,FLAG,FLAG,NA
46239,70610,24372,TTTTCAATACCATCATTACCTGG,CCAACAGCTCCCTTTACAACTGG,AATGATGGTAT,11,GCTCCCTTTAC,11,ATAACTTCGTATAATGTATGCTATACGAAGTTATGGGAT,39,ATCCCATAACTTCGTATAGCATACATTATACGAAGTTAT,39,-53.78704269678019,1.6684521196712612,-3.4655423164367676,15.520526885986328,6.3253631591796875,66.78926849365234,0.8011009902710106,0.8673511294002505,99.18769985027656,99.22988900546896,"1,0,0,0,3","1,0,0,0,4",FLAG,OK,OK,OK,FLAG,OK,FLAG,FLAG,NA
46561,70610,24050,CTCCTAAGAATTCTGTTTTTTGG,CCAACAGCTCCCTTTACAACTGG,AACAGAATTCT,11,GCTCCCTTTAC,11,ATAACTTCGTATAATGTATGCTATACGAAGTTATGGGAT,39,ATCCCATAACTTCGTATAGCATACATTATACGAAGTTAT,39,-67.83348542236672,1.6684617915526783,-4.370565891265869,15.520526885986328,38.341400146484375,66.78926849365234,0.8011106621524279,0.8673511294002505,99.410615515565,99.22988900546896,"1,0,0,0,4","1,0,0,0,4",FLAG,OK,OK,OK,FLAG,OK,FLAG,FLAG,41.86354
45195,70610,25416,GATATTTCAAGAATTATAACTGG,CCAACAGCTCCCTTTACAACTGG,ATAATTCTTGA,11,GCTCCCTTTAC,11,ATAACTTCGTATAATGTATGCTATACGAAGTTATGGGAT,39,ATCCCATAACTTCGTATAGCATACATTATACGAAGTTAT,39,-87.01561427240267,1.744769703352467,-5.606485843658447,15.520526885986328,38.00566864013672,66.78926849365234,0.8774185739522165,0.8673511294002505,99.57297250358144,99.22988900546896,"1,0,0,0,4","1,0,0,0,4",OK,OK,OK,OK,FLAG,OK,FLAG,FLAG,NA
45126,70610,25485,ATGCCGTAAATAGCAAGATCAGG,CCAACAGCTCCCTTTACAACTGG,CTTGCTATTTA,11,GCTCCCTTTAC,11,ATAACTTCGTATAATGTATGCTATACGAAGTTATGGGAT,39,ATCCCATAACTTCGTATAGCATACATTATACGAAGTTAT,39,-98.88182154605056,1.7210096660793108,-6.371035099029541,15.520526885986328,35.48299026489258,66.78926849365234,0.8536585366790602,0.8673511294002505,98.47904584746688,99.22988900546896,"1,0,0,1,0","1,0,0,0,4",OK,OK,OK,OK,FLAG,OK,FLAG,FLAG,41.86354
45168,70610,25443,TGTAATTTCAAAGTGTTGATGGG,CCAACAGCTCCCTTTACAACTGG,AACACTTTGAA,11,GCTCCCTTTAC,11,ATAACTTCGTATAATGTATGCTATACGAAGTTATGGGAT,39,ATCCCATAACTTCGTATAGCATACATTATACGAAGTTAT,39,-119.43445346446424,1.8058369338980687,-7.695257663726807,15.520526885986328,60.216068267822266,66.78926849365234,0.9384858044978182,0.8673511294002505,99.69618957050992,99.22988900546896,"1,0,0,0,1","1,0,0,0,4",OK,OK,OK,OK,FLAG,OK,FLAG,FLAG,41.86354
