contig,start,stop,target,context,overflow,orientation,basesDiffToClosestHit,closestHitCount,0-1-2-3-4_mismatch,DoenchCFD_maxOT,DoenchCFD_specificityscore,Hsu2013,otCount,del_end,PBS_len,RTT_len,DeepSpCas9
MAPK1_PRIME-Del_example_end,340,363,CTTATCTGTACTAGTAATAAAGG,TAATAGCTTATCTGTACTAGTAATAAAGGATGGAG,OK,RVS,4,1,"1,0,0,0,1",0.0,1.0,99.93427764054942,2,70310,11,30,70.04681396484375
MAPK1_PRIME-Del_example_end,640,663,CCAACAGCTCCCTTTACAACTGG,GGCACACCAACAGCTCCCTTTACAACTGGCACTGA,OK,RVS,4,4,"1,0,0,0,4",0.1060606059878787,0.8673511294002505,99.22988900546896,5,70610,11,30,66.78926849365234
MAPK1_PRIME-Del_example_end,184,207,TATCTTTACATGACAGCAGAGGG,TTCAAGTATCTTTACATGACAGCAGAGGGAACTGT,OK,RVS,4,1,"1,0,0,0,1",0.1673913044562319,0.8566108006653328,99.83913352095225,2,70154,11,30,58.58969497680664
MAPK1_PRIME-Del_example_end,333,356,GTACTAGTAATAAAGGATGGAGG,TTATCTGTACTAGTAATAAAGGATGGAGGAAGAAA,OK,RVS,4,2,"1,0,0,0,2",0.1371428572457143,0.8303097963328823,99.47763395042564,3,70303,11,30,54.448829650878906
MAPK1_PRIME-Del_example_end,140,163,AATCCTGAGATACTAGATACAGG,TCTTATAATCCTGAGATACTAGATACAGGTAGTAT,OK,RVS,4,1,"1,0,0,0,1",0.0,0.9821073558447282,99.79749578566764,2,70110,11,30,53.69640350341797
MAPK1_PRIME-Del_example_end,600,623,CCAATGCTCCTTGTTTAGAATGG,GGCATGCCAATGCTCCTTGTTTAGAATGGCTGTCA,OK,RVS,4,3,"1,0,0,0,3",0.0976239669839876,0.8608686988856645,99.73301744111052,4,70570,11,30,47.67374038696289
MAPK1_PRIME-Del_example_end,336,359,TCTGTACTAGTAATAAAGGATGG,AGCTTATCTGTACTAGTAATAAAGGATGGAGGAAG,OK,RVS,UNK,0,"1,0,0,0,0",0.0,1.0,100.0,1,70306,11,30,46.67532730102539
MAPK1_PRIME-Del_example_end,423,446,TAACTAAACTGAACAAATGTAGG,CTTTTATAACTAAACTGAACAAATGTAGGATATCA,OK,RVS,UNK,0,"1,0,0,0,0",0.0,1.0,100.0,1,70393,11,30,46.176971435546875
MAPK1_PRIME-Del_example_end,864,887,CTGCTAGAAGTAACATTCTCAGG,AGACAACTGCTAGAAGTAACATTCTCAGGCTACAG,OK,RVS,4,1,"1,0,0,0,1",0.0519269777244083,0.950636328543698,99.98370117583562,2,70834,11,30,43.4019889831543
MAPK1_PRIME-Del_example_end,627,650,TTACAACTGGCACTGAACACTGG,CTCCCTTTACAACTGGCACTGAACACTGGCATGCC,OK,RVS,4,2,"1,0,0,0,2",0.1285714286701298,0.8190819081880041,99.4406278233758,3,70597,11,30,41.90586471557617
MAPK1_PRIME-Del_example_end,972,995,ATAGCTGGAGAACCAAGGACAGG,GTGTTAATAGCTGGAGAACCAAGGACAGGGGCATA,OK,RVS,4,1,"1,0,0,0,1",0.2389140272452488,0.8071585097987153,99.1718135322497,2,70942,11,30,34.00734329223633
MAPK1_PRIME-Del_example_end,128,151,CTAGATACAGGTAGTATGTCAGG,GAGATACTAGATACAGGTAGTATGTCAGGCCTACT,OK,RVS,UNK,0,"1,0,0,0,0",0.0,1.0,100.0,1,70098,11,30,30.30790901184082
MAPK1_PRIME-Del_example_end,987,1010,TATGACAAGGTGTTAATAGCTGG,AAGAAATATGACAAGGTGTTAATAGCTGGAGAACC,OK,RVS,4,1,"1,0,0,0,1",0.2095238094413605,0.8267716535996652,99.8589896642823,2,70957,11,30,30.275737762451172
MAPK1_PRIME-Del_example_end,932,955,TCTACTCTCAATTTTTCTATGGG,ATTCACTCTACTCTCAATTTTTCTATGGGTTTGAT,OK,RVS,4,2,"1,0,0,0,2",0.1075003427011655,0.8290326249697649,99.50660634253406,3,70902,11,30,28.5574951171875
MAPK1_PRIME-Del_example_end,674,697,CTGCAAGACCAAGCCACACCAGG,CGGAGACTGCAAGACCAAGCCACACCAGGACAAAG,OK,RVS,4,1,"1,0,0,0,1",0.0,1.0,99.92960154406788,2,70644,11,30,23.19315528869629
MAPK1_PRIME-Del_example_end,977,1000,TGTTAATAGCTGGAGAACCAAGG,ACAAGGTGTTAATAGCTGGAGAACCAAGGACAGGG,OK,RVS,4,4,"1,0,0,0,4",0.0740740740193121,0.8511922423957257,98.8435323276827,5,70947,11,30,9.585793495178223
