contig,start,stop,target,context,overflow,orientation,basesDiffToClosestHit,closestHitCount,0-1-2-3-4_mismatch,DoenchCFD_maxOT,DoenchCFD_specificityscore,Hsu2013,otCount,del_end,PBS_len,RTT_len,DeepSpCas9,DeepPE
MAPK1_twinPE_end,627,650,TTACAACTGGCACTGAACACTGG,CTCCCTTTACAACTGGCACTGAACACTGGCATGCC,OK,RVS,4,2,"1,0,0,0,2",0.1285714286701298,0.8190819081880041,99.4406278233758,3,70597,11,39,41.90586471557617,12.811996459960938
MAPK1_twinPE_end,674,697,CTGCAAGACCAAGCCACACCAGG,CGGAGACTGCAAGACCAAGCCACACCAGGACAAAG,OK,RVS,4,1,"1,0,0,0,1",0.0,1.0,99.92960154406788,2,70644,11,39,23.19315528869629,3.1899402141571045
MAPK1_twinPE_end,640,663,CCAACAGCTCCCTTTACAACTGG,GGCACACCAACAGCTCCCTTTACAACTGGCACTGA,OK,RVS,4,4,"1,0,0,0,4",0.1060606059878787,0.8673511294002505,99.22988900546896,5,70610,11,39,66.78926849365234,-0.13730525970458984
MAPK1_twinPE_end,600,623,CCAATGCTCCTTGTTTAGAATGG,GGCATGCCAATGCTCCTTGTTTAGAATGGCTGTCA,OK,RVS,4,3,"1,0,0,0,3",0.0976239669839876,0.8608686988856645,99.73301744111052,4,70570,11,39,47.67374038696289,-0.8698863983154297
MAPK1_twinPE_end,972,995,ATAGCTGGAGAACCAAGGACAGG,GTGTTAATAGCTGGAGAACCAAGGACAGGGGCATA,OK,RVS,4,1,"1,0,0,0,1",0.2389140272452488,0.8071585097987153,99.1718135322497,2,70942,11,39,34.00734329223633,-0.8892030715942383
MAPK1_twinPE_end,340,363,CTTATCTGTACTAGTAATAAAGG,TAATAGCTTATCTGTACTAGTAATAAAGGATGGAG,OK,RVS,4,1,"1,0,0,0,1",0.0,1.0,99.93427764054942,2,70310,11,39,70.04681396484375,-1.6757676601409912
MAPK1_twinPE_end,184,207,TATCTTTACATGACAGCAGAGGG,TTCAAGTATCTTTACATGACAGCAGAGGGAACTGT,OK,RVS,4,1,"1,0,0,0,1",0.1673913044562319,0.8566108006653328,99.83913352095225,2,70154,11,39,58.58969497680664,-1.9930553436279297
MAPK1_twinPE_end,864,887,CTGCTAGAAGTAACATTCTCAGG,AGACAACTGCTAGAAGTAACATTCTCAGGCTACAG,OK,RVS,4,1,"1,0,0,0,1",0.0519269777244083,0.950636328543698,99.98370117583562,2,70834,11,39,43.4019889831543,-2.346707820892334
MAPK1_twinPE_end,932,955,TCTACTCTCAATTTTTCTATGGG,ATTCACTCTACTCTCAATTTTTCTATGGGTTTGAT,OK,RVS,4,2,"1,0,0,0,2",0.1075003427011655,0.8290326249697649,99.50660634253406,3,70902,11,39,28.5574951171875,-2.4364171028137207
MAPK1_twinPE_end,987,1010,TATGACAAGGTGTTAATAGCTGG,AAGAAATATGACAAGGTGTTAATAGCTGGAGAACC,OK,RVS,4,1,"1,0,0,0,1",0.2095238094413605,0.8267716535996652,99.8589896642823,2,70957,11,39,30.275737762451172,-2.8773369789123535
MAPK1_twinPE_end,140,163,AATCCTGAGATACTAGATACAGG,TCTTATAATCCTGAGATACTAGATACAGGTAGTAT,OK,RVS,4,1,"1,0,0,0,1",0.0,0.9821073558447282,99.79749578566764,2,70110,11,39,53.69640350341797,-3.43717098236084
MAPK1_twinPE_end,336,359,TCTGTACTAGTAATAAAGGATGG,AGCTTATCTGTACTAGTAATAAAGGATGGAGGAAG,OK,RVS,UNK,0,"1,0,0,0,0",0.0,1.0,100.0,1,70306,11,39,46.67532730102539,-3.711122989654541
MAPK1_twinPE_end,977,1000,TGTTAATAGCTGGAGAACCAAGG,ACAAGGTGTTAATAGCTGGAGAACCAAGGACAGGG,OK,RVS,4,4,"1,0,0,0,4",0.0740740740193121,0.8511922423957257,98.8435323276827,5,70947,11,39,9.585793495178223,-4.255728244781494
MAPK1_twinPE_end,333,356,GTACTAGTAATAAAGGATGGAGG,TTATCTGTACTAGTAATAAAGGATGGAGGAAGAAA,OK,RVS,4,2,"1,0,0,0,2",0.1371428572457143,0.8303097963328823,99.47763395042564,3,70303,11,39,54.448829650878906,-4.771514415740967
MAPK1_twinPE_end,423,446,TAACTAAACTGAACAAATGTAGG,CTTTTATAACTAAACTGAACAAATGTAGGATATCA,OK,RVS,UNK,0,"1,0,0,0,0",0.0,1.0,100.0,1,70393,11,39,46.176971435546875,-6.85060453414917
MAPK1_twinPE_end,128,151,CTAGATACAGGTAGTATGTCAGG,GAGATACTAGATACAGGTAGTATGTCAGGCCTACT,OK,RVS,UNK,0,"1,0,0,0,0",0.0,1.0,100.0,1,70098,11,39,30.30790901184082,-6.900296688079834
